Grupa,Asistent,"Notă finală",Total,"Examen grilă final (maxim 10)","Total teste curs (maxim 10)","Test 1 (maxim 5)","Test 2 (maxim 5)","Test 3 (maxim 5)","Total teme (maxim 10)",Tema 0 (maxim 10),"Tema 1 (maxim 10)","Tema 2 (maxim 10)","Tema 3 (maxim 10)","Tema 4 (maxim 10)","Midterm practic (maxim 10)","Final practic (maxim 10)",Total laborator,Lab01,Lab02,Lab03,Lab04,Lab05,Lab06,Lab07,Lab08,Lab09,Lab10,Lab11,Lab12,Observații
311CA,LC,9.0,9.401,7.92,10,4.0,3.0,5.0,7.784,10.0,10.0,8.1,8.5,2.5,9.0,8.3,10,11.0,9.0,10.0,10.0,9.5,10.0,10.0,10.0,12.0,11.5,10.0
311CA,LC,7.0,6.984,4.0,9.166666667,4.0,2.0,5.0,7.976,10.0,10.0,9.5,8.9,1.5,3.4,5.1,10,11.0,9.0,10.0,10.0,7.5,9.0,10.0,10.0,10.0,7.0,12.0
311CA,TV,10.0,9.7875,8.67,10,4.0,3.0,5.0,7.88,10.0,10.0,9.5,10.0,,6.5,10.8,10,10.0,10.0,10.0,10.0,10.0,10.0,10.0,10.0,10.0,10.0,10.0
311CA,LC,8.0,7.495,6.04,10,5.0,5.0,2.0,3.2,10.0,10.0,-10.0,10.0,,6.6,8.1,10,11.0,10.0,10.0,10.0,10.0,10.0,11.0,13.0,11.0,,8.0
311CA,LC,9.0,8.5395,5.29,8.333333333,4.0,3.0,3.0,9.008,10.0,10.0,10.0,10.0,4.2,6.1,8.6,9.55,,7.0,10.0,10.0,7.5,10.0,12.0,7.0,10.0,12.0,10.0
311CA,LC,9.0,8.735,7.46,10,5.0,3.0,5.0,4.28,10.0,10.0,-10.0,10.0,4.5,8.0,11.2,10,11.0,10.0,10.0,10.0,10.0,10.0,11.0,13.0,10.0,11.5,8.0
311CA,LC,8.0,8.49,5.92,10,5.0,3.0,4.0,7.88,10.0,10.0,10.0,7.0,2.5,6.4,7.6,10,11.0,9.0,10.0,10.0,7.5,9.0,11.0,10.0,10.0,7.0,12.0
311CA,LC,10.0,10.545,8.34,10,4.0,5.0,5.0,10,10.0,10.0,11.5,11.5,11.0,9.6,10.0,10,11.0,10.0,15.0,10.0,12.0,10.0,11.0,11.0,14.0,13.0,11.0
311CA,TV,7.0,6.9935,4.59,5,1.0,2.0,3.0,7.184,10.0,10.0,8.1,8.5,,7.5,6.2,10,10.0,10.0,10.0,10.0,7.5,10.0,10.0,7.5,12.0,10.0,10.0
311CA,TV,10.0,11.105,10.42,10,5.0,5.0,5.0,10,10.0,10.0,11.5,10.0,11.0,12.0,12.0,10,10.0,10.0,10.0,10.0,10.0,10.0,13.0,10.0,10.0,10.0,10.0
311CA,TV,10.0,9.7375,8.83,10,5.0,3.0,5.0,8.12,10.0,10.0,9.0,9.0,2.5,8.0,8.8,10,10.0,10.0,10.0,8.0,10.0,10.0,12.0,10.0,10.0,10.0,10.0
311CA,TV,8.0,8.2135,6.83,10,5.0,3.0,4.0,5.024,10.0,10.0,9.1,8.5,-10.0,7.0,8.2,10,10.0,10.0,10.0,10.0,10.0,9.0,12.0,7.5,10.0,10.0,8.0
311CA,LC,10.0,10.9075,9.63,10,5.0,4.0,5.0,10,10.0,10.0,11.5,9.5,11.0,11.8,11.2,10,11.0,10.0,15.0,10.0,10.0,10.0,13.0,13.0,10.0,16.0,8.0
311CA,TV,9.0,9.263,6.0,9.166666667,4.0,3.0,4.0,9.152,10.0,10.0,10.0,9.5,5.3,8.0,9.2,10,10.0,10.0,10.0,10.0,8.5,8.0,10.0,11.0,12.0,11.0,10.0
311CA,LC,10.0,10.8425,9.37,10,5.0,5.0,5.0,10,10.0,10.0,11.5,10.0,11.0,11.0,10.6,10,11.0,10.0,15.0,10.0,10.0,13.0,10.0,11.0,14.0,19.0,12.0
311CA,TV,9.0,9.4005,7.25,10,5.0,4.0,5.0,7.952,10.0,10.0,9.5,8.5,1.8,7.0,9.6,10,10.0,10.0,10.0,10.0,10.0,10.0,12.0,10.0,10.0,10.0,10.0
311CA,LC,7.0,7.2605,7.13,10,5.0,4.0,4.0,6.872,10.0,10.0,7.6,7.4,0.3,3.0,4.0,9.6,11.0,9.0,10.0,10.0,9.5,9.0,10.0,,10.0,9.5,8.0
311CA,LC,7.0,6.8945,4.25,7.5,3.0,4.0,2.0,7.928,10.0,10.0,9.4,8.5,1.8,5.0,4.9,10,10.0,8.0,10.0,10.0,10.0,10.0,11.0,11.0,10.0,8.0,11.0
311CA,TV,9.0,9.0035,7.55,9.166666667,4.0,3.0,4.0,7.424,10.0,10.0,8.1,9.5,,4.0,10.0,9.85,10.0,10.0,10.0,10.0,8.5,10.0,10.0,10.0,10.0,,10.0
311CA,TV,9.0,8.6775,5.87,10,5.0,4.0,5.0,7.64,10.0,10.0,9.5,9.0,,9.5,7.4,10,10.0,10.0,10.0,8.5,10.0,10.0,12.0,10.0,10.0,10.0,
311CA,TV,10.0,10.1805,8.37,10,5.0,3.0,4.0,9.992,10.0,10.0,11.5,9.5,7.3,9.2,8.8,9.7,10.0,10.0,10.0,10.0,9.5,10.0,10.0,7.5,10.0,10.0,
311CA,LC,9.0,8.52,7.1,8.333333333,2.0,4.0,4.0,7.52,10.0,10.0,8.5,9.5,,7.5,7.6,9.65,11.0,9.0,10.0,8.5,10.0,10.0,10.0,10.0,10.0,,8.0
311CA,TV,10.0,9.9145,8.25,10,4.0,3.0,5.0,8.288,10.0,10.0,9.4,10.0,1.8,7.8,10.1,10,10.0,10.0,10.0,10.0,9.5,10.0,13.0,10.0,10.0,10.0,10.0
311CA,LC,10.0,10.7725,9.09,10,5.0,4.0,5.0,10,10.0,10.0,11.5,11.5,9.1,10.3,12.0,10,11.0,10.0,14.0,11.0,10.0,13.0,11.0,11.0,12.0,7.0,11.0
311CA,TV,7.0,7.23,4.38,8.333333333,4.0,1.0,5.0,5.12,10.0,10.0,10.0,8.0,-10.0,4.8,8.5,10,10.0,10.0,10.0,10.0,5.5,8.0,10.0,10.0,10.0,10.0,8.0
311CA,TV,8.0,8.393,6.46,7.5,5.0,1.0,3.0,8.312,10.0,10.0,10.0,9.0,2.3,9.0,6.7,10,10.0,10.0,10.0,10.0,10.0,10.0,10.0,10.0,10.0,10.0,10.0
311CA,TV,7.0,6.639,6.04,7.5,,4.0,5.0,5.576,10.0,5.0,6.6,6.5,1.8,5.2,5.0,8.4,10.0,10.0,,4.0,9.5,9.0,9.0,7.5,10.0,5.0,10.0
311CA,LC,6.0,5.9785,2.71,5,2.0,4.0,,8.144,10.0,10.0,10.0,7.0,3.6,2.4,5.1,10,11.0,7.0,9.0,10.0,7.5,9.0,11.0,11.0,10.0,7.0,12.0
312CA,LC,10.0,9.8975,8.09,9.166666667,4.0,3.0,4.0,10,10.0,10.0,10.0,10.0,11.0,7.0,9.2,10,11.0,10.0,10.0,10.0,10.0,10.0,11.0,10.0,14.0,10.0,10.0
312CA,LC,8.0,8.234,6.96,10,4.0,3.0,5.0,7.376,10.0,10.0,9.5,7.9,,8.0,5.4,10,11.0,10.0,10.0,10.0,10.0,10.0,11.0,10.0,10.0,8.5,10.0
312CA,LC,9.0,8.527,5.08,9.166666667,4.0,3.0,4.0,8.408,10.0,10.0,9.5,8.5,3.7,5.8,8.8,10,11.0,10.0,10.0,10.0,10.0,10.0,10.0,11.0,10.0,10.0,10.0
312CA,LC,10.0,10.555,9.5,10,4.0,4.0,4.0,10,10.0,10.0,11.5,10.0,7.1,7.6,9.8,9.7,11.0,12.0,10.0,10.0,10.0,10.0,11.0,11.0,12.0,,
312CA,LC,9.0,8.825,7.76,8.333333333,4.0,1.0,5.0,7.64,10.0,10.0,10.0,8.5,,8.5,7.5,10,11.0,10.0,10.0,10.0,10.0,10.0,11.0,10.0,10.0,9.0,
312CA,LC,10.0,9.6595,8.71,10,5.0,4.0,4.0,7.208,10.0,10.0,8.5,7.9,0.3,6.8,10.6,10,11.0,11.0,13.0,11.0,10.0,10.0,11.0,7.5,10.0,7.0,10.0
312CA,LC,8.0,7.914,5.8,8.333333333,3.0,4.0,3.0,7.856,10.0,10.0,11.5,7.9,,6.0,6.6,10,11.0,10.0,10.0,10.0,10.0,10.0,11.0,10.0,10.0,,11.0
312CA,LC,9.0,8.805,6.58,10,5.0,4.0,3.0,8.84,10.0,10.0,10.0,10.0,3.5,,9.8,10,11.0,10.0,10.0,10.0,10.0,10.0,12.0,10.0,10.0,11.0,10.0
312CA,LC,4.0,4.57,4.0,8.333333333,2.0,4.0,4.0,0,,,,,,3.4,4.4,8.8,11.0,8.0,9.0,8.5,8.5,10.0,10.0,5.0,10.0,,8.0
312CA,LC,9.0,8.645,8.46,10,5.0,4.0,5.0,7.52,10.0,10.0,9.5,8.5,,3.0,7.4,10,11.0,10.0,14.0,11.0,10.0,10.0,10.0,10.0,10.0,10.0,10.0
312CA,LC,7.0,7.178,5.34,8.333333333,4.0,2.0,4.0,7.832,10.0,10.0,9.5,8.0,1.8,4.6,4.7,10,11.0,8.0,10.0,10.0,10.0,10.0,10.0,8.5,12.0,9.0,8.0
312CA,LC,10.0,10.055,7.62,10,5.0,3.0,5.0,10,10.0,10.0,10.0,10.0,11.0,10.0,8.6,10,11.0,11.0,11.0,10.0,12.0,10.0,11.0,10.0,10.0,13.0,11.0
312CA,LC,7.0,7.1665,5.25,6.666666667,3.0,3.0,2.0,7.376,10.0,10.0,10.0,7.4,,4.6,6.2,10,11.0,10.0,10.0,10.0,10.0,10.0,12.0,10.0,10.0,,10.0
312CA,LC,10.0,11.0625,10.25,10,5.0,5.0,5.0,10,10.0,10.0,10.0,10.0,9.1,10.3,12.0,10,11.0,10.0,15.0,11.0,11.0,10.0,11.0,11.0,14.0,15.0,10.0
312CA,LC,9.0,8.803,7.76,10,4.0,4.0,4.0,7.952,10.0,10.0,9.5,8.5,1.8,7.5,6.5,10,11.0,9.0,9.5,10.0,10.0,10.0,10.0,7.5,12.0,10.0,9.0
312CA,LC,8.0,7.5275,5.75,8.333333333,3.0,3.0,4.0,7.88,10.0,10.0,9.5,10.0,,7.0,5.2,8.7,11.0,10.0,10.0,,10.0,9.0,,10.0,10.0,7.0,10.0
312CA,LC,9.0,8.9955,7.55,10,5.0,2.0,5.0,8.432,10.0,10.0,10.0,10.0,1.8,5.5,7.8,10,11.0,9.0,10.0,10.0,10.0,10.0,11.0,7.5,10.0,7.0,10.0
312CA,LC,10.0,11.25,11.0,10,4.0,5.0,5.0,10,10.0,10.0,11.5,11.5,11.0,12.0,12.0,10,10.0,16.0,22.0,12.0,12.0,17.0,12.0,13.0,12.0,14.0,12.0
312CA,LC,9.0,9.1815,6.67,10,5.0,4.0,3.0,7.376,10.0,10.0,9.5,7.9,0.0,7.2,9.8,10,11.0,10.0,10.0,10.0,10.0,10.0,11.0,7.5,10.0,11.0,8.0
312CA,LC,9.0,8.5175,6.29,9.166666667,3.0,3.0,5.0,8.24,10.0,10.0,11.5,9.5,,7.6,7.0,10,11.0,10.0,10.0,10.0,10.0,10.0,11.0,7.5,10.0,7.0,10.0
312CA,LC,10.0,10.82,9.88,10,4.0,4.0,5.0,10,10.0,10.0,11.5,10.0,9.1,8.5,12.0,10,11.0,10.0,10.0,11.0,10.0,10.0,11.0,10.0,10.0,9.0,10.0
312CA,LC,10.0,10.653,9.5,10,4.0,3.0,5.0,9.272,10.0,10.0,11.5,9.5,4.3,9.6,10.2,10,11.0,10.0,15.0,11.0,10.0,10.0,11.0,10.0,12.0,11.0,10.0
312CA,LC,9.0,8.6225,6.13,6.666666667,3.0,4.0,1.0,8.96,10.0,10.0,10.0,9.5,4.5,5.5,9.2,10,11.0,10.0,10.0,10.0,10.0,10.0,12.0,10.0,10.0,10.0,10.0
312CA,LC,7.0,6.863,6.5,5.833333333,1.0,3.0,3.0,8.552,10.0,10.0,10.0,8.5,3.8,4.0,3.3,10,11.0,10.0,10.0,10.0,10.0,10.0,11.0,10.0,10.0,10.0,10.0
312CA,LC,9.0,8.7155,6.71,10,5.0,3.0,5.0,8.072,10.0,10.0,10.0,8.5,1.8,5.2,8.0,10,11.0,9.0,10.0,10.0,9.5,10.0,11.0,5.0,12.0,8.5,10.0
312CA,LC,7.0,7.2955,6.25,9.166666667,4.0,3.0,4.0,8.072,10.0,10.0,10.0,8.5,1.8,3.2,4.1,9.95,11.0,10.0,9.5,10.0,10.0,10.0,10.0,7.5,12.0,9.5,
312CA,LC,7.0,7.263,5.54,5,2.0,2.0,2.0,7.952,10.0,10.0,11.5,7.3,1.0,8.6,5.3,9.55,11.0,10.0,,10.0,10.0,10.0,10.0,7.5,10.0,7.0,10.0
313CA,CD,9.0,9.1425,8.25,10,3.0,4.0,5.0,8.72,10.0,10.0,10.0,10.0,3.0,7.0,6.8,10,10.0,10.5,11.0,10.0,10.0,10.0,11.0,10.0,10.0,9.0,9.8,4.0
313CA,CD,10.0,10.088,8.92,10,4.0,5.0,5.0,8.912,10.0,10.0,10.0,10.0,3.8,7.8,9.4,10,10.0,11.0,11.0,10.0,10.0,10.0,12.0,11.0,12.0,9.0,,9.0
313CA,CD,10.0,9.563,6.62,10,4.0,4.0,4.0,9.632,10.0,10.0,9.5,10.0,7.3,5.5,9.8,10,10.0,10.5,11.0,10.0,10.0,10.0,10.0,10.0,10.0,8.0,,11.0
313CA,CD,9.0,9.1925,7.13,8.333333333,2.0,4.0,4.0,7.76,10.0,10.0,9.0,10.0,,9.2,9.2,10,10.0,10.0,11.0,10.0,10.0,10.0,10.0,11.0,10.0,8.0,,7.0
313CA,RD,9.0,9.233,6.92,10,5.0,2.0,5.0,7.752,,10.0,8.5,10.0,3.8,7.4,9.3,10,10.0,10.0,10.0,10.0,8.5,10.0,10.0,10.0,10.0,7.0,10.0,11.5
313CA,CD,7.0,7.45,4.46,8.333333333,4.0,4.0,2.0,7.16,10.0,10.0,9.5,7.0,,6.0,6.8,9.95,10.0,11.0,11.0,10.0,10.0,10.0,10.0,,10.0,9.0,,8.5
313CA,CD,10.0,10.8225,10.09,10,5.0,3.0,5.0,10,10.0,10.0,10.0,10.0,11.0,8.0,12.0,10,10.0,11.0,11.0,10.0,10.0,10.0,12.0,11.0,10.0,10.0,10.0,10.5
313CA,CD,10.0,10.9075,9.63,10,4.0,3.0,5.0,10,10.0,10.0,10.0,10.0,11.0,10.0,10.0,10,10.0,12.0,11.0,10.0,10.0,10.0,12.0,11.0,10.0,13.0,,14.0
313CA,CD,10.0,10.0905,8.13,10,4.0,4.0,4.0,9.752,10.0,10.0,10.0,10.0,7.3,6.2,10.6,10,10.0,11.0,11.0,10.0,10.0,10.0,11.0,11.0,10.0,13.0,,14.0
313CA,RD,10.0,9.5405,7.21,10,5.0,5.0,3.0,9.152,10.0,10.0,9.5,10.0,5.3,9.0,8.2,10,10.0,10.0,10.0,10.0,7.5,10.0,10.0,10.0,10.0,7.0,10.0,10.5
313CA,RD,10.0,10.133,9.16,10,5.0,5.0,5.0,9.632,10.0,10.0,11.5,10.0,5.3,8.6,8.3,10,10.0,10.0,10.0,8.5,8.0,10.0,10.0,10.0,10.0,9.0,10.0,10.0
313CA,,,0,,0,,,,0,,,,,,,,0,,,,,,,,,,,
313CA,RD,10.0,10.98,9.92,10,5.0,5.0,5.0,10,10.0,10.0,10.0,10.0,11.0,12.0,12.0,10,10.0,10.0,10.0,11.0,10.0,10.0,10.0,10.0,10.0,10.0,10.0,14.5
313CA,RD,10.0,9.535,6.38,10,5.0,4.0,4.0,8.36,10.0,10.0,9.5,9.5,2.5,8.5,11.0,10,10.0,10.0,10.0,10.0,7.5,10.0,10.0,10.0,10.0,8.0,10.0,11.0
313CA,RD,8.0,8.0225,4.71,5.833333333,4.0,,3.0,9.2,10.0,10.0,8.5,8.5,8.0,5.6,8.8,9.1,10.0,10.0,10.0,9.0,7.5,,10.0,7.5,10.0,7.0,,10.0
313CA,CD,8.0,8.2575,6.55,5.833333333,2.0,2.0,3.0,8.6,10.0,10.0,10.0,10.0,2.5,4.2,8.7,10,10.0,10.5,11.0,10.0,10.0,10.0,11.0,11.0,10.0,9.0,9.8,10.0
313CA,CD,8.0,8.239,6.38,7.5,4.0,3.0,2.0,7.256,10.0,10.0,8.4,8.5,,7.2,8.4,8.85,10.0,10.0,11.0,10.0,10.0,10.0,10.0,,10.0,,,7.5
313CA,RD,6.0,6.335,4.62,8.333333333,5.0,2.0,3.0,4.88,10.0,10.0,7.0,,,4.6,5.8,8,10.0,10.0,10.0,10.0,,10.0,10.0,10.0,10.0,,
313CA,RD,8.0,7.845,6.46,10,3.0,4.0,5.0,5.48,10.0,10.0,10.0,9.5,-10.0,8.6,6.0,10,10.0,10.0,10.0,9.0,8.5,10.0,10.0,7.5,10.0,8.0,10.0,10.5
313CA,RD,9.0,8.8255,6.71,10,5.0,4.0,5.0,7.952,10.0,10.0,9.5,8.5,1.8,7.6,7.6,10,10.0,10.0,10.0,10.0,7.5,10.0,10.0,10.0,10.0,8.0,10.0,11.5
313CA,RD,10.0,10.8775,9.75,10,5.0,4.0,4.0,10,10.0,10.0,10.0,10.0,9.1,9.4,12.0,10,10.0,10.0,10.0,10.0,10.0,10.0,10.0,10.0,10.0,10.0,10.0,10.5
313CA,CD,10.0,10.5875,8.75,10,4.0,5.0,4.0,10,10.0,10.0,10.0,10.0,11.0,9.0,11.6,10,10.0,11.0,11.0,10.0,10.0,10.0,12.0,11.0,10.0,13.0,,14.0
313CA,CD,10.0,9.7345,8.25,6.666666667,3.0,2.0,3.0,9.968,10.0,10.0,10.0,10.0,8.2,9.8,8.8,10,10.0,12.0,11.0,11.0,10.0,10.0,12.0,11.0,12.0,9.0,,7.5
313CA,RD,9.0,8.795,8.16,10,5.0,3.0,5.0,8,10.0,10.0,10.0,10.0,,6.8,6.3,10,10.0,10.0,10.0,5.0,8.5,10.0,10.0,10.0,10.0,9.0,10.0,8.0
313CA,RD,8.0,8.1825,5.71,10,5.0,2.0,5.0,6.92,10.0,10.0,7.0,8.5,,8.0,7.4,8.75,10.0,10.0,10.0,10.0,7.5,10.0,10.0,10.0,10.0,,
313CA,RD,9.0,9.3205,7.71,10,5.0,2.0,5.0,8.432,10.0,10.0,10.0,9.5,2.3,5.6,8.9,10,10.0,10.0,10.0,10.0,8.5,10.0,10.0,10.0,10.0,9.0,10.0,8.0
313CA,RD,7.0,7.352,5.2,6.666666667,2.0,2.0,4.0,8.648,10.0,10.0,9.4,9.5,3.8,3.4,6.2,10,10.0,10.0,10.0,9.0,7.5,10.0,10.0,10.0,10.0,9.0,10.0,8.0
314CA,RD4,5.0,5.278,4.46,2.5,2.0,1.0,,2.912,10.0,10.0,-10.0,8.5,0.3,5.1,6.2,10,,10.0,10.0,10.0,10.0,10.0,10.0,11.0,11.0,10.0,10.0,12.0
314CA,SW,9.0,9.048,7.0,10,5.0,3.0,4.0,9.752,10.0,10.0,10.0,10.0,7.3,5.6,7.2,10,10.0,6.0,10.0,10.0,9.5,10.0,10.0,7.5,10.0,7.0,10.0,12.0
314CA,RD4,8.0,7.5265,6.67,8.333333333,3.0,2.0,5.0,2.696,10.0,10.0,-10.0,7.9,,8.1,8.5,10,,10.0,8.0,10.0,10.0,10.0,10.0,10.0,10.0,12.0,11.0,7.0
314CA,RD4,9.0,8.918,6.88,8.333333333,5.0,2.0,3.0,8.312,10.0,10.0,10.0,9.5,1.8,4.2,9.8,10,10.0,10.0,10.0,10.0,10.0,10.0,10.0,13.0,10.0,12.0,10.0,8.5
314CA,RD4,6.0,6.414,5.96,5,1.0,1.0,4.0,8.096,10.0,10.0,9.4,8.5,2.5,3.0,3.4,10,10.0,9.0,9.0,10.0,10.0,8.0,10.0,10.0,10.0,10.0,10.0,6.5
314CA,SW,8.0,8.23,5.62,7.5,3.0,1.0,5.0,7.52,10.0,10.0,9.5,8.5,,6.7,8.6,10,10.0,9.0,10.0,10.0,10.0,10.0,10.0,10.0,14.0,10.0,10.0,12.5
314CA,RD4,8.0,7.597,5.38,6.666666667,3.0,1.0,4.0,7.568,10.0,10.0,9.4,8.5,0.3,6.1,7.0,10,10.0,9.0,9.0,10.0,10.0,8.0,10.0,10.0,10.0,10.0,10.0
314CA,SW,4.0,4.29,2.0,4.166666667,1.0,2.0,2.0,2.84,10.0,10.0,-10.0,8.5,,1.6,5.7,8.7,10.0,6.0,7.0,10.0,3.5,10.0,10.0,7.5,10.0,,10.0,3.0
314CA,RD4,9.0,9.3775,7.83,10,5.0,3.0,5.0,10,10.0,10.0,10.0,10.0,11.0,4.2,8.0,10,10.0,9.0,10.0,8.0,10.0,11.0,11.0,11.0,11.0,10.0,10.0,12.0
314CA,RD4,4.0,4.7325,4.83,5.833333333,2.0,2.0,3.0,0.2,10.0,7.5,-10.0,,,4.0,4.8,10,10.0,10.0,10.0,10.0,10.0,10.0,10.0,10.0,10.0,11.0,10.0,10.0
314CA,SW,7.0,7.0175,7.79,6.666666667,3.0,2.0,3.0,2.84,10.0,10.0,-10.0,8.5,,5.6,7.2,10,10.0,6.0,10.0,10.0,8.5,10.0,10.0,10.0,10.0,10.0,10.0,10.5
314CA,RD4,4.0,3.596,2.92,5,2.0,1.0,3.0,0.824,10.0,6.0,-10.0,4.1,,1.6,3.0,10,10.0,9.0,10.0,10.0,10.0,10.0,10.0,10.0,10.0,10.0,10.0,7.0
314CA,SW,9.0,8.9355,6.75,10,4.0,4.0,5.0,8.552,10.0,10.0,10.0,10.0,2.3,6.6,7.8,10,10.0,8.0,10.0,10.0,8.5,10.0,11.0,11.0,10.0,11.5,11.0,9.0
314CA,RD4,10.0,10.1375,8.83,10,4.0,5.0,5.0,8.12,10.0,10.0,9.5,8.5,2.5,9.0,10.2,10,10.0,10.0,10.0,10.0,10.0,10.0,10.0,13.0,11.0,10.0,11.0,14.0
314CA,SW,6.0,6.31,5.8,10,3.0,5.0,4.0,2.84,10.0,10.0,-10.0,8.5,,5.0,5.1,8.75,10.0,6.0,9.0,10.0,7.5,10.0,10.0,7.5,10.0,,,7.5
314CA,SW,9.0,8.566,6.34,5.833333333,3.0,3.0,1.0,8.864,10.0,10.0,9.4,8.9,5.3,8.3,8.4,9.6,10.0,8.0,10.0,3.0,3.5,10.0,10.0,7.5,10.0,7.0,10.0,7.0
314CA,SW,8.0,8.36,4.96,6.666666667,5.0,3.0,,7.04,10.0,10.0,8.0,8.0,,8.6,10.6,10,10.0,10.0,10.0,10.0,10.0,10.0,10.0,10.0,10.0,10.0,10.0,11.0
314CA,RD4,,0.5,,0,,,,0.8,10.0,,,,,,,3,10.0,10.0,,,10.0,,,,,,
314CA,SW,9.0,9.492,7.5,10,5.0,4.0,5.0,9.008,10.0,10.0,10.0,9.5,4.7,7.6,8.5,9.8,10.0,6.0,5.0,10.0,3.5,10.0,10.0,7.5,10.0,8.0,11.0,7.0
314CA,SW,8.0,7.965,8.42,6.666666667,2.0,4.0,2.0,5.6,10.0,10.0,10.0,10.0,-10.0,3.6,8.4,10,10.0,6.0,7.0,10.0,8.5,10.0,10.0,7.5,8.0,7.0,10.0,6.5
314CA,,,0,,0,,,,0,,,,,,,,0,,,,,,,,,,,
314CA,SW,9.0,8.82,6.96,10,4.0,3.0,5.0,8.72,10.0,10.0,10.0,10.0,3.0,6.0,7.2,10,10.0,6.0,9.0,10.0,8.5,10.0,11.0,10.0,10.0,11.5,,9.0
314CA,RD4,7.0,6.7175,5.75,3.333333333,3.0,1.0,,8.12,10.0,10.0,10.0,9.5,1.0,4.5,5.2,10,10.0,10.0,10.0,10.0,10.0,10.0,10.0,10.0,10.0,10.0,10.0,10.0
314CA,RD4,7.0,7.3975,7.29,9.166666667,3.0,4.0,4.0,3.2,10.0,10.0,-10.0,8.5,1.5,6.5,7.0,10,10.0,9.0,10.0,10.0,10.0,10.0,10.0,10.0,10.0,10.0,10.0,8.0
314CA,RD4,6.0,5.785,6.38,6.666666667,3.0,3.0,2.0,2.84,10.0,10.0,-10.0,8.5,,2.8,4.8,10,10.0,9.0,10.0,10.0,10.0,9.0,10.0,10.0,10.0,10.0,10.0,11.0
314CA,RD4,7.0,7.034,5.96,10,5.0,3.0,5.0,7.056,,10.0,8.4,8.5,2.5,0.8,4.8,10,10.0,9.0,10.0,10.0,10.0,9.0,10.0,9.0,10.0,10.0,10.0,10.0
314CA,RD4,8.0,7.9155,6.17,8.333333333,2.0,4.0,4.0,7.352,10.0,8.5,9.1,7.9,1.8,5.6,6.9,10,10.0,9.0,10.0,10.0,10.0,10.0,10.0,9.0,10.0,10.0,10.0,11.0
311CB,SS,8.0,8.3255,4.41,8.333333333,3.0,3.0,4.0,9.392,10.0,10.0,8.5,10.0,7.3,5.5,8.3,10,10.0,10.0,10.0,8.5,9.0,10.0,13.0,4.8,10.0,11.0,11.0
311CB,SS,8.0,8.205,5.96,9.166666667,3.0,5.0,3.0,8.84,10.0,10.0,10.0,10.0,3.5,4.3,6.8,10,10.0,10.0,10.0,8.5,9.0,10.0,12.0,4.5,10.0,10.0,9.8,7.0
311CB,CD,10.0,9.7,7.7,10,5.0,5.0,4.0,10,10.0,10.0,11.5,11.5,11.0,9.0,7.5,10,10.0,11.0,16.0,9.0,12.0,10.0,12.0,13.0,10.0,8.0,10.0
311CB,SS,9.0,8.5875,5.65,8.333333333,4.0,2.0,4.0,8,10.0,10.0,10.0,10.0,,7.5,8.7,10,10.0,12.0,10.0,10.0,12.0,10.0,13.0,13.0,10.0,9.8,11.0,13.0
311CB,CD,9.0,8.7375,8.13,9.166666667,4.0,4.0,3.0,7.64,10.0,10.0,10.0,8.5,,5.2,7.8,9.5,10.0,10.0,10.0,9.0,10.0,9.0,10.0,10.0,,8.0,9.0
311CB,SS,9.0,8.62,7.54,9.166666667,3.0,4.0,4.0,8,10.0,10.0,9.5,6.7,3.8,7.1,6.6,10,10.0,9.0,10.0,10.0,9.8,8.0,9.8,4.8,10.0,7.5,9.8,8.5
311CB,CD,8.0,8.3325,5.79,10,4.0,5.0,3.0,7.4,10.0,10.0,9.0,8.5,,6.1,7.7,10,10.0,11.0,11.0,10.0,9.5,10.0,10.0,10.0,10.0,8.5,9.5,8.5
311CB,SS,6.0,6.1715,7.03,2.5,1.0,1.0,1.0,4.856,10.0,10.0,0.0,6.9,,6.5,4.7,10,10.0,8.0,10.0,8.5,9.8,7.8,10.0,4.8,10.0,7.0,8.0,9.0
311CB,SS,10.0,10.7775,9.71,10,4.0,4.0,5.0,10,10.0,10.0,10.0,11.5,11.0,10.7,9.4,10,10.0,11.0,10.0,10.0,12.0,10.0,13.0,10.0,12.0,9.8,11.0,13.0
311CB,SS,9.0,9.1275,7.03,10,4.0,4.0,4.0,9.08,10.0,10.0,10.0,10.0,4.5,7.0,7.6,10,10.0,8.5,10.0,10.0,9.5,8.0,10.0,4.8,10.0,9.8,10.0,9.0
311CB,CD,10.0,9.875,7.28,9.166666667,4.0,4.0,3.0,10,10.0,10.0,10.0,10.0,11.0,9.8,8.8,10,10.0,14.0,17.0,12.0,10.0,10.0,12.0,13.0,10.0,10.0,12.0
311CB,SS,8.0,8.2915,5.49,10,5.0,5.0,4.0,8.336,10.0,10.0,9.1,8.5,3.8,6.6,6.7,10,10.0,11.0,10.0,10.0,9.8,8.3,10.0,7.5,10.0,7.5,9.8,7.0
311CB,,,0,,0,,,,0,,,,,,,,0,,,,,,,,,,,
311CB,CD,8.0,8.3325,5.67,5.833333333,1.0,3.0,3.0,7.64,10.0,10.0,10.0,8.5,,6.8,9.8,10,10.0,11.0,9.0,9.0,10.0,8.5,10.0,10.0,10.0,8.5,9.0
311CB,CD,8.0,7.8555,5.71,6.666666667,1.0,3.0,4.0,7.712,10.0,10.0,10.0,8.5,0.3,5.0,8.0,10,10.0,11.0,10.0,9.0,10.0,9.0,10.0,10.0,10.0,8.0,9.0
311CB,CD,5.0,5.0305,1.85,5,3.0,2.0,1.0,5.312,10.0,10.0,1.9,6.9,,2.2,5.2,9.7,,11.0,11.0,10.0,8.5,9.5,10.0,7.5,10.0,10.0,9.5
311CB,SS,9.0,8.753,5.86,10,4.0,3.0,5.0,9.752,10.0,10.0,10.0,10.0,7.3,6.0,7.0,10,10.0,10.8,10.0,10.0,12.0,10.0,12.0,9.8,12.0,10.0,11.0,5.0
311CB,CD,6.0,6.1315,4.15,6.666666667,2.0,4.0,2.0,7.256,10.0,10.0,8.1,8.5,0.3,4.8,3.2,10,10.0,11.0,11.0,11.0,10.0,10.0,10.0,10.0,10.0,10.0,8.5,8.5
311CB,CD,6.0,6.116,3.86,5,3.0,3.0,,6.104,10.0,7.5,6.6,8.0,,8.0,6.0,5.75,,11.0,11.0,10.0,8.5,9.5,,7.5,,,
311CB,SS,6.0,6.075,5.02,4.166666667,4.0,1.0,0.0,7.28,10.0,10.0,8.5,8.5,,3.5,4.1,10,10.0,7.5,10.0,8.5,10.0,8.8,12.0,5.0,10.0,9.8,9.8,10.5
311CB,CD,6.0,5.8095,4.41,5,3.0,2.0,1.0,6.488,10.0,10.0,7.0,6.7,,3.6,3.9,10,10.0,11.0,11.0,10.0,10.0,10.0,10.0,10.0,10.0,9.0,10.0,10.0
311CB,CD,5.0,5.47,2.98,5.833333333,2.0,3.0,2.0,7.28,10.0,10.0,8.5,8.5,,2.3,3.2,10,10.0,9.5,10.0,8.5,8.5,9.0,10.0,10.0,10.0,9.0,10.0,3.5
311CB,CD,9.0,9.0525,7.95,10,4.0,4.0,5.0,8.12,10.0,10.0,8.4,8.5,3.6,7.6,7.1,10,10.0,16.0,11.0,11.0,10.0,10.0,11.0,11.0,10.0,10.0,12.0
311CB,CD,8.0,7.5025,4.61,6.666666667,4.0,2.0,2.0,7.28,10.0,10.0,8.5,8.5,,5.3,8.0,10,10.0,11.0,12.0,11.0,10.0,10.0,10.0,10.0,10.0,9.0,10.0,10.0
311CB,SS,6.0,6.048,4.78,7.5,3.0,5.0,1.0,7.016,10.0,10.0,8.4,7.5,,1.4,3.6,9.34,10.0,7.5,10.0,8.5,8.5,7.8,10.0,4.8,10.0,,9.8,6.5
311CB,SS,6.0,6.089,4.2,10,5.0,4.0,4.0,5.216,10.0,10.0,8.4,,,3.6,3.5,10,10.0,10.8,10.0,10.0,9.5,10.0,10.0,9.8,10.0,6.8,9.8,5.0
311CB,SS,9.0,8.64,6.78,10,5.0,5.0,4.0,7.28,10.0,10.0,8.5,8.5,,10.0,6.5,10,10.0,11.0,10.0,10.0,10.0,7.8,12.0,4.8,10.0,9.8,9.8,6.5
312CB,DP,9.0,8.992,5.8,10,3.0,4.0,5.0,9.848,10.0,10.0,10.0,9.5,8.2,6.3,7.8,10,10.0,9.0,9.0,10.0,10.0,8.0,10.0,7.5,10.0,13.0,11.0,2.5
312CB,SS,10.0,10.785,9.54,10,4.0,5.0,5.0,10,10.0,10.0,11.5,10.0,11.0,9.0,11.4,10,10.0,11.0,10.0,12.0,12.0,10.0,13.0,10.0,10.0,11.0,10.0,11.8
312CB,SS,8.0,7.8345,4.71,6.666666667,2.0,5.0,1.0,7.928,10.0,10.0,9.4,8.5,1.8,5.5,8.5,10,10.0,8.8,8.0,9.8,9.5,8.8,12.0,9.8,10.0,8.5,10.0,12.0
312CB,SS,10.0,9.963,7.58,10,5.0,4.0,4.0,9.152,10.0,10.0,9.5,10.0,5.3,7.8,11.0,10,10.0,11.0,9.0,12.0,12.0,10.0,13.0,7.5,10.0,10.0,10.0,11.8
312CB,SS,10.0,10.1325,8.58,10,4.0,4.0,4.0,9.392,10.0,10.0,8.5,10.0,7.3,8.1,9.4,9.795,10.0,8.8,9.0,7.0,4.5,6.8,10.25,5.0,10.0,7.0,10.0,9.6
312CB,SS,9.0,8.7255,7.25,8.333333333,4.0,2.0,4.0,7.712,10.0,10.0,8.4,7.9,2.5,5.6,8.7,10,10.0,8.8,7.0,7.2,9.0,6.0,10.0,7.5,10.0,9.8,10.0,11.0
312CB,SS,9.0,8.654,5.5,9.166666667,4.0,3.0,4.0,7.736,10.0,10.0,9.4,8.5,1.0,4.7,10.0,10,10.0,7.0,7.0,4.0,7.0,10.0,13.0,13.0,10.0,8.5,9.0,10.5
312CB,SS,9.0,8.7095,4.87,10,3.0,5.0,5.0,8.768,10.0,10.0,10.0,9.5,3.7,6.0,8.8,10,10.0,8.0,9.0,8.5,7.5,9.8,13.0,4.8,12.0,10.0,9.5,15.6
312CB,SS,7.0,7.024,6.58,6.666666667,1.0,3.0,4.0,7.16,10.0,10.0,8.6,7.9,,5.4,4.3,9.74,10.0,6.8,7.0,3.8,4.0,9.0,8.0,10.0,10.0,9.8,9.0,10.0
312CB,SS,10.0,10.059,8.16,10,5.0,5.0,3.0,9.776,10.0,10.0,10.0,10.0,7.4,8.0,9.1,10,10.0,7.8,9.0,9.8,9.0,7.6,13.0,4.8,10.0,10.0,9.5,11.8
312CB,,,0,,0,,,,0,,,,,,,,0,,,,,,,,,,,
312CB,SS,9.0,8.709,6.08,7.5,2.0,5.0,2.0,7.736,10.0,10.0,9.4,9.5,,6.3,10.4,10,10.0,11.3,10.0,9.8,9.5,10.0,13.0,9.8,10.0,10.0,10.0,11.8
312CB,DP,6.0,5.6625,3.75,4.166666667,1.0,2.0,2.0,7.76,10.0,10.0,9.5,9.5,,3.0,4.0,8.6,10.0,6.0,9.0,4.0,7.5,7.0,10.0,7.5,10.0,8.5,,6.5
312CB,SS,6.0,6.064,4.54,5,1.0,3.0,2.0,4.28,10.0,6.0,,8.5,,4.2,7.5,8.14,10.0,7.0,5.0,2.8,,4.8,10.0,4.8,10.0,7.0,10.0,10.0
312CB,DP,7.0,6.568,4.04,3.333333333,1.0,1.0,2.0,7.832,10.0,10.0,9.5,8.0,1.8,4.5,6.6,10,10.0,9.0,9.0,10.0,9.5,,10.0,10.0,10.0,8.5,11.0,7.0
312CB,DP,7.0,6.7465,6.13,4.166666667,2.0,3.0,0.0,6.776,10.0,10.0,6.6,8.0,0.3,5.0,5.9,9.2,10.0,8.0,9.0,8.5,3.5,7.0,12.0,3.0,8.0,7.0,11.0,5.0
312CB,DP,8.0,7.6205,4.83,10,4.0,4.0,4.0,7.952,10.0,10.0,10.0,9.5,0.3,4.0,6.1,10,10.0,9.5,9.0,10.0,6.5,10.0,12.0,10.0,10.0,7.0,12.0,6.0
312CB,DP,8.0,8.454,5.8,7.5,5.0,2.0,2.0,9.896,10.0,10.0,11.5,7.3,9.1,3.3,8.3,10,10.0,11.0,9.0,10.0,12.0,9.0,10.0,5.0,10.0,8.5,12.0,8.0
312CB,DP,9.0,9.2455,8.75,9.166666667,2.0,4.0,5.0,7.832,10.0,10.0,7.0,8.5,3.8,6.0,8.5,10,10.0,11.0,9.0,8.5,10.0,7.0,10.0,3.0,10.0,10.0,11.0,11.0
312CB,DP,7.0,7.479,5.5,7.5,3.0,3.0,3.0,8.696,10.0,10.0,9.1,10.0,3.8,6.8,4.5,10,10.0,9.0,11.0,8.5,10.0,10.0,10.0,4.8,10.0,8.5,11.0,9.0
312CB,DP,9.0,9.2405,6.17,10,4.0,4.0,4.0,9.152,10.0,10.0,10.0,9.5,5.3,7.6,8.6,10,10.0,9.0,16.0,10.0,10.0,7.8,12.0,7.5,10.0,8.5,11.0,8.5
312CB,,,0,,0,,,,0,,,,,,,,0,,,,,,,,,,,
312CB,DP,9.0,8.7875,5.87,9.166666667,3.0,4.0,4.0,9.08,10.0,10.0,10.0,10.0,4.5,4.5,8.9,10,10.0,9.5,9.0,10.0,7.5,8.0,10.0,7.5,10.0,8.5,10.0,6.5
312CB,SS,9.0,9.37,8.16,10,4.0,4.0,4.0,7.52,10.0,10.0,9.5,8.5,,8.5,8.4,10,10.0,8.0,10.0,10.0,9.5,9.0,13.0,9.8,10.0,10.0,10.0,11.5
312CB,DP,10.0,10.71,9.04,10,5.0,5.0,5.0,10,10.0,10.0,10.0,10.0,9.1,9.5,10.7,10,10.0,11.0,11.0,10.0,10.0,12.0,12.0,10.0,10.0,10.0,11.0,10.0
312CB,DP,7.0,7.3125,6.25,7.5,3.0,3.0,3.0,5.24,10.0,10.0,10.0,8.5,-10.0,4.9,7.3,10,10.0,11.0,11.0,10.0,10.0,10.0,10.0,10.0,10.0,9.5,11.0,8.0
312CB,DP,7.0,7.4375,5.87,5.833333333,2.0,2.0,3.0,8.36,10.0,10.0,8.5,8.5,4.5,2.8,6.9,10,10.0,11.0,9.0,10.0,7.5,9.0,12.0,7.5,8.0,8.5,10.0,5.5
312CB,DP,10.0,10.459,8.62,10,5.0,5.0,4.0,9.656,10.0,10.0,11.5,10.0,5.4,8.9,10.9,10,10.0,12.0,14.0,10.0,12.0,12.0,12.0,10.0,10.0,10.0,11.0,8.0
313CB,CD,8.0,8.3475,6.41,9.166666667,2.0,4.0,5.0,8.48,10.0,10.0,10.0,9.5,2.5,3.3,7.9,9.45,10.0,11.0,10.0,8.5,9.0,8.0,10.0,10.0,10.0,8.0,
313CB,CD,10.0,9.6425,8.55,10,3.0,4.0,5.0,7.64,10.0,10.0,9.0,9.5,,7.1,10.0,8.85,10.0,11.0,10.0,10.0,9.5,9.0,10.0,10.0,,9.0,
313CB,MC,10.0,10.94,10.16,10,5.0,5.0,5.0,10,10.0,10.0,11.5,11.5,11.0,9.0,12.0,10,10.0,12.0,19.0,11.0,12.0,17.0,10.0,11.0,14.0,19.0,,16.5
313CB,CD,10.0,10.865,9.46,10,4.0,5.0,4.0,10,10.0,10.0,11.5,11.5,11.0,10.2,11.4,10,10.0,11.0,15.0,12.0,10.0,14.0,10.0,13.0,14.0,12.0,
313CB,,,0,,0,,,,0,,,,,,,,0,,,,,,,,,,,
313CB,MC,10.0,10.235,8.5,10,3.0,5.0,5.0,10,10.0,10.0,10.0,9.5,11.0,6.1,10.6,10,10.0,11.0,10.0,10.0,10.0,15.0,10.0,10.0,10.0,12.0,,10.0
313CB,CD,,4.682,1.42,3.333333333,1.0,3.0,,5.408,10.0,10.0,5.5,3.7,,4.0,5.5,7,10.0,11.0,10.0,,10.0,10.0,,,10.0,9.0,
313CB,,,0,,0,,,,0,,,,,,,,0,,,,,,,,,,,
313CB,MC,8.0,7.688,6.08,2.5,2.0,,1.0,8.912,10.0,10.0,10.0,10.0,3.8,4.4,8.5,10,10.0,11.0,10.0,10.0,10.0,10.0,10.0,10.0,12.0,12.0,,10.0
313CB,CD,7.0,7.158,5.04,3.333333333,3.0,,1.0,8.072,10.0,10.0,9.0,9.5,1.8,6.9,6.8,9.9,10.0,11.0,9.0,10.0,10.0,10.0,10.0,10.0,10.0,9.0,
313CB,CD,9.0,8.708,7.92,10,4.0,4.0,5.0,8.792,10.0,10.0,10.0,9.5,3.8,5.3,6.0,10,10.0,11.0,10.0,9.0,10.0,9.0,11.0,11.0,12.0,10.0,
313CB,MC,9.0,9.0175,6.17,7.5,3.0,2.0,4.0,10,10.0,10.0,11.5,11.5,7.3,5.0,9.4,10,10.0,11.0,10.0,10.0,10.0,10.0,10.0,10.0,12.0,12.0,,11.0
313CB,MC,7.0,7.048,6.38,4.166666667,2.0,2.0,1.0,8.072,10.0,10.0,10.0,8.5,1.8,3.6,5.8,10,10.0,11.0,9.0,10.0,10.0,10.0,10.0,10.0,10.0,11.0,,10.0
313CB,MC,10.0,9.8625,7.29,10,4.0,5.0,4.0,9.56,10.0,10.0,10.0,10.0,6.5,7.5,9.6,10,10.0,11.0,11.0,10.0,10.0,13.0,10.0,10.0,12.0,12.0,,12.0
313CB,MC,7.0,6.76,2.84,6.666666667,3.0,3.0,2.0,9.2,10.0,10.0,10.0,10.0,5.0,5.0,5.0,10,10.0,11.0,10.0,10.0,10.0,10.0,10.0,10.0,12.0,12.0,,10.0
313CB,CD,9.0,8.8175,5.71,10,4.0,4.0,4.0,8.04,0.0,10.0,9.5,9.5,4.5,8.7,8.8,8.1,10.0,10.0,,10.0,10.0,10.0,10.0,11.0,,10.0,
313CB,MC,,0.35,,1.666666667,2.0,,,0,,,,,,,,1,10.0,,,,,,,,,,
313CB,MC,9.0,8.951,7.0,10,5.0,4.0,5.0,9.344,10.0,10.0,9.0,9.5,7.1,2.9,8.3,10,10.0,11.0,10.0,10.0,10.0,10.0,10.0,10.0,10.0,9.0,,10.0
313CB,CD,10.0,10.79,9.16,10,4.0,5.0,5.0,10,10.0,10.0,11.5,11.5,11.0,10.0,10.8,10,10.0,12.0,15.0,10.0,10.0,13.0,12.0,13.0,14.0,12.0,11.0
313CB,MC,8.0,8.0185,5.29,3.333333333,3.0,,1.0,9.824,10.0,10.0,10.0,10.0,7.6,6.4,8.4,10,10.0,11.0,10.0,10.0,10.0,10.0,10.0,10.0,13.0,13.0,,10.0
313CB,MC,5.0,5.225,4.08,2.5,0.0,3.0,,6.48,,10.0,8.5,8.5,,2.7,3.8,9.9,10.0,10.0,,10.0,10.0,10.0,10.0,10.0,12.0,7.0,,10.0
313CB,CD,10.0,10.9275,9.71,10,5.0,5.0,5.0,10,10.0,10.0,11.5,11.5,11.0,10.6,10.8,10,10.0,12.0,14.0,10.0,12.0,13.0,12.0,13.0,14.0,12.0,
313CB,MC,10.0,10.58,9.04,10,5.0,4.0,5.0,10,10.0,10.0,11.5,11.5,11.0,8.2,10.8,10,10.0,11.0,19.0,11.0,12.0,17.0,11.0,10.0,12.0,11.0,,11.5
313CB,CD,10.0,9.535,6.58,10,5.0,4.0,3.0,10,10.0,10.0,10.0,10.0,11.0,8.4,8.2,10,10.0,11.0,12.0,10.0,10.0,9.0,10.0,10.0,12.0,10.0,11.0
313CB,,,1,,0,,,,0,,,
,0,,,,,,,,,,,
313CB,MC,6.0,5.6555,3.33,5.833333333,2.0,2.0,3.0,6.992,10.0,10.0,7.3,8.5,,4.0,3.2,10,10.0,11.0,10.0,10.0,10.0,10.0,10.0,10.0,10.0,9.0,,10.0
313CB,CD,8.0,7.943,5.8,4.166666667,2.0,1.0,2.0,8.072,10.0,10.0,10.0,8.5,1.8,6.1,9.0,9.9,10.0,11.0,10.0,10.0,10.0,9.0,10.0,10.0,10.0,9.0,
313CB,CD,4.0,4.724,6.38,4.166666667,2.0,2.0,1.0,3.456,,,6.1,8.0,0.3,3.4,1.9,8.25,10.0,10.0,9.0,8.5,8.0,8.0,10.0,9.0,10.0,,
314CB,MB,10.0,10.2025,8.21,10,5.0,4.0,3.0,10,10.0,10.0,11.5,10.0,11.0,9.0,9.0,10,10.0,8.0,10.0,10.0,10.0,10.0,10.0,10.0,10.0,10.0,10.0,10.0
314CB,SS,7.0,7.4585,5.75,8.333333333,5.0,3.0,2.0,7.664,10.0,10.0,9.1,9.5,,4.3,5.7,10,10.0,9.0,10.0,10.0,6.5,7.0,10.0,10.0,10.0,8.0,9.8,11.0
314CB,MB,7.0,7.1425,4.71,7.5,2.0,4.0,3.0,7.4,10.0,10.0,9.1,7.4,1.0,5.4,5.8,10,10.0,6.0,10.0,10.0,9.0,10.0,10.0,10.0,10.0,10.0,10.0,10.0
314CB,SS,7.0,7.3475,5.41,7.5,4.0,3.0,2.0,7.28,10.0,10.0,8.5,8.5,,6.0,5.8,10,10.0,8.8,10.0,10.0,7.5,8.0,10.0,10.0,10.0,9.0,9.8,10.5
314CB,MB,4.0,4.101,3.92,2.5,3.0,,,3.824,10.0,7.5,5.1,,,4.0,3.4,5.4,10.0,6.0,10.0,10.0,8.5,,,,9.5,,
314CB,,,0,,0,,,,0,,,,,,,,0,,,,,,,,,,,
314CB,SS,10.0,10.14,8.5,9.166666667,2.0,4.0,5.0,8.6,10.0,10.0,10.0,10.0,2.5,9.9,10.8,10,11.0,8.8,10.0,10.0,7.0,7.0,10.0,8.5,10.0,10.5,10.0,12.0
314CB,MB,4.0,3.73,1.46,3.333333333,2.0,1.0,1.0,4.4,10.0,7.5,0.0,7.5,,3.6,2.0,9.05,10.0,4.0,10.0,10.0,6.5,9.5,9.0,6.0,9.0,8.5,8.0
314CB,MB,10.0,10.1315,8.37,9.166666667,2.0,5.0,4.0,9.296,10.0,10.0,10.0,10.0,5.4,8.4,10.4,10,10.0,10.0,10.0,10.0,10.0,10.0,10.0,10.0,10.0,10.0,10.0,10.0
314CB,MB,9.0,9.0455,7.37,10,4.0,5.0,5.0,8.192,10.0,10.0,9.5,9.5,1.8,6.3,8.1,10,10.0,10.0,10.0,10.0,10.0,10.0,10.0,10.0,10.0,4.8,10.0,10.0
314CB,MB,7.0,7.0555,3.29,5.833333333,2.0,3.0,2.0,7.952,10.0,10.0,8.1,7.9,3.8,4.2,7.8,10,10.0,6.0,10.0,10.0,8.5,8.0,10.0,9.5,9.0,8.5,8.0,10.0
314CB,SS,8.0,7.705,5.46,9.166666667,3.0,5.0,3.0,8.36,10.0,10.0,10.0,9.0,2.5,4.0,5.9,10,10.0,7.0,10.0,10.0,6.5,7.5,10.0,5.3,9.8,8.5,11.0,13.5
314CB,SS,9.0,9.395,6.58,9.166666667,4.0,3.0,4.0,10,10.0,10.0,10.0,10.0,11.0,6.5,8.9,10,10.0,9.0,10.0,10.0,9.0,8.5,10.0,7.3,10.0,11.8,11.0,13.5
314CB,SS,7.0,6.911,5.04,4.166666667,4.0,1.0,0.0,6.944,10.0,10.0,7.6,8.0,,3.4,7.8,10,11.0,8.8,10.0,10.0,6.5,4.8,10.0,7.3,10.0,8.5,10.0,7.6
314CB,SS,9.0,8.5745,6.75,10,4.0,5.0,3.0,8.048,10.0,10.0,10.0,7.9,2.3,6.0,7.1,10,10.0,9.0,10.0,10.0,6.5,7.0,10.0,7.3,10.0,8.0,9.0,10.0
314CB,SS,10.0,9.955,7.58,10,4.0,5.0,5.0,10,10.0,10.0,11.5,10.0,9.1,5.6,12.0,10,10.0,8.8,10.0,10.0,8.5,8.0,10.0,8.3,10.0,12.8,10.0,12.0
314CB,SS,8.0,7.5775,3.83,6.666666667,4.0,2.0,2.0,7.28,10.0,10.0,8.5,8.5,,5.0,9.2,10,10.0,8.0,10.0,10.0,6.5,8.0,10.0,9.0,10.0,8.0,9.8,7.0
314CB,SS,7.0,7.1245,6.17,8.333333333,3.0,4.0,3.0,7.952,10.0,10.0,9.5,8.5,1.8,3.0,4.6,8.94,,3.0,10.0,10.0,6.5,5.0,10.0,6.8,9.0,11.5,9.8,7.8
314CB,SS,6.0,6.3345,2.87,7.5,2.0,5.0,2.0,7.856,10.0,10.0,9.1,8.5,1.8,2.6,5.2,9.68,10.0,8.0,10.0,10.0,5.5,7.0,9.0,5.3,8.0,8.0,9.0,7.0
314CB,SS,7.0,7.153,3.8,10,5.0,4.0,3.0,7.952,10.0,10.0,10.0,8.0,1.8,4.4,5.1,10,10.0,8.8,10.0,10.0,7.5,7.0,9.0,8.5,10.0,9.0,9.8,11.0
314CB,SS,9.0,9.2155,7.79,10,4.0,5.0,4.0,8.072,10.0,10.0,10.0,8.5,1.8,8.0,7.8,10,11.0,9.8,10.0,10.0,7.5,5.6,12.0,10.0,10.0,8.0,10.0,14.5
314CB,SS,9.0,9.1805,7.41,8.333333333,3.0,4.0,3.0,9.752,10.0,10.0,10.0,10.0,7.3,4.4,8.8,10,10.0,8.0,10.0,10.0,7.5,7.0,10.0,10.0,10.0,8.0,,9.5
314CB,MB,8.0,7.6225,7.37,7.5,5.0,3.0,1.0,6.08,10.0,10.0,7.0,5.0,,5.0,7.0,8.85,10.0,6.0,10.0,10.0,8.0,,9.0,6.0,10.0,10.0,9.5
314CB,SS,9.0,8.6755,7.41,9.166666667,5.0,4.0,2.0,9.272,10.0,10.0,9.5,8.5,7.3,6.8,5.8,10,10.0,8.8,10.0,10.0,7.5,7.0,10.0,6.8,9.0,9.0,7.0,6.8
314CB,SS,6.0,5.989,3.8,5,4.0,2.0,,4.688,10.0,7.5,4.1,4.6,,4.2,6.9,9.72,10.0,8.0,10.0,10.0,,6.8,10.0,6.3,9.8,8.0,9.8,8.5
314CB,SS,8.0,7.5135,5.25,7.5,2.0,4.0,3.0,7.304,10.0,10.0,8.0,7.3,1.8,7.5,6.0,10,11.0,8.8,10.0,10.0,6.5,4.8,10.0,5.3,10.0,10.5,10.0,7.5
314CB,,,0,,0,,,,0,,,,,,,,0,,,,,,,,,,,
315CB,CL,5.0,5.3425,3.61,6.666666667,3.0,3.0,2.0,4.88,10.0,7.5,2.1,6.4,1.0,4.4,3.2,9.8,10.0,8.0,10.0,8.5,8.5,10.0,10.0,10.0,8.0,5.0,,10.0
315CB,CL,10.0,10.3075,8.83,10,4.0,4.0,4.0,10,10.0,10.0,11.5,10.0,11.0,7.5,9.4,10,10.0,9.0,8.5,8.5,7.0,10.0,10.0,10.0,12.0,10.0,11.0,8.0
315CB,CL,,4.252,,10,5.0,5.0,2.0,6.488,10.0,10.0,9.5,1.2,3.0,4.2,,7.1,10.0,8.0,8.0,7.5,6.5,5.0,9.0,,,,9.0,8.0
315CB,MC,8.0,7.738,6.54,7.5,4.0,3.0,2.0,8.312,10.0,10.0,10.0,9.5,1.8,6.0,5.2,10,10.0,10.0,11.5,10.0,10.0,11.0,10.0,11.0,10.0,12.0,,10.0
315CB,CL,8.0,8.101,8.24,9.166666667,3.0,4.0,4.0,7.784,10.0,7.5,9.1,7.5,5.0,6.0,4.8,9.2,10.0,4.0,9.0,2.5,6.0,9.0,8.0,5.5,10.0,8.0,9.5,10.5
315CB,MC,7.0,6.7685,5.23,7.5,3.0,4.0,2.0,6.944,10.0,10.0,9.1,6.5,,6.0,4.0,10,10.0,10.0,9.0,8.0,6.5,8.0,10.0,10.0,10.0,10.0,,10.0
315CB,MC,8.0,8.224,7.24,10,3.0,5.0,4.0,6.536,10.0,10.0,8.5,,5.4,7.1,6.3,9.95,10.0,10.0,10.0,10.0,9.5,10.0,10.0,10.0,10.0,10.0,
315CB,CL,6.0,6.42,4.2,4.166666667,2.0,1.0,2.0,7.64,10.0,10.0,10.0,8.5,,6.1,4.9,10,10.0,7.0,10.5,9.25,7.5,9.0,10.0,10.0,10.0,7.0,10.0,8.0
315CB,MC,7.0,7.0315,5.37,8.333333333,3.0,4.0,3.0,5.216,10.0,10.0,8.4,,,6.1,7.0,7.75,10.0,10.0,9.0,,8.5,10.0,,10.0,,10.0,,10.0
315CB,CL,5.0,5.134,3.4,5,3.0,1.0,2.0,2.784,0.0,0.0,5.1,6.5,,5.5,5.5,9.13,10.0,7.0,9.0,6.0,4.5,6.0,9.0,7.0,11.0,7.0,9.8,5.0
315CB,MC,8.0,8.29,6.16,10,5.0,5.0,3.0,9.08,10.0,10.0,9.5,7.9,7.1,6.8,5.2,10,10.0,10.0,10.0,10.0,9.5,10.0,10.0,10.0,10.0,10.0,,10.0
315CB,MC,,1.922,,0.8333333333,0.0,,1.0,3.528,,6.0,,6.9,1.8,1.4,,7.75,10.0,,,8.0,9.5,7.0,10.0,10.0,8.0,5.0,,10.0
315CB,CL,8.0,7.9055,4.95,9.166666667,4.0,3.0,4.0,9.632,10.0,10.0,10.0,9.5,7.3,3.6,6.1,10,10.0,8.0,12.0,6.0,8.5,9.0,12.0,11.0,10.0,7.0,10.0,8.0
315CB,MC,10.0,9.485,7.7,10,4.0,5.0,5.0,10,10.0,10.0,9.5,10.0,9.1,5.6,8.0,10,10.0,10.0,13.0,10.0,10.0,10.0,10.0,11.0,10.0,14.0,,10.0
315CB,CL,8.0,7.518,6.16,7.5,3.0,3.0,3.0,7.712,10.0,10.0,10.0,8.5,0.3,6.5,5.1,10,10.0,7.0,10.0,8.5,7.5,7.0,10.0,11.0,10.0,8.0,10.0,8.0
315CB,CL,4.0,4.4605,5.79,7.5,4.0,3.0,2.0,1.952,10.0,2.0,2.5,,0.3,1.4,3.2,4.6,10.0,6.5,8.5,5.5,4.5,6.0,,5.0,,,
315CB,,,0,,0,,,,0,,,,,,,,0,,,,,,,,,,,
315CB,MC,6.0,6.067,6.16,5,0.0,5.0,1.0,7.088,10.0,10.0,7.4,8.5,0.3,2.0,4.0,8.05,10.0,10.0,,9.0,6.5,,10.0,10.0,10.0,5.0,,10.0
315CB,CL,6.0,5.4975,3.19,5.833333333,4.0,2.0,1.0,2.84,10.0,10.0,-10.0,8.5,,4.9,6.5,10,10.0,8.0,11.5,10.0,8.0,9.0,10.0,10.0,10.0,10.0,10.0,9.0
315CB,MC,10.0,9.6175,6.37,7.5,4.0,3.0,2.0,10,10.0,10.0,9.5,10.0,11.0,9.0,10.1,10,10.0,10.0,10.0,10.0,8.5,10.0,10.0,10.0,10.0,12.0,,10.0
315CB,,,0,,0,,,,0,,,,,,,,0,,,,,,,,,,,
315CB,MC,4.0,4.79,4.82,5,1.0,4.0,1.0,2.84,10.0,10.0,-10.0,8.5,,3.0,3.3,10,10.0,10.0,10.0,9.0,8.5,10.0,10.0,10.0,10.0,10.0,,10.0
315CB,CL,10.0,10.44,9.62,10,5.0,4.0,4.0,10,10.0,10.0,10.0,10.0,11.0,8.6,8.7,10,10.0,11.0,12.0,12.0,10.0,11.0,12.0,11.0,12.0,12.0,10.0,12.0
315CB,CL,10.0,9.683,7.36,10,4.0,4.0,4.0,9.272,10.0,10.0,10.0,10.0,5.3,8.0,8.9,10,10.0,9.5,15.0,12.0,8.5,11.0,10.0,10.0,12.0,11.0,10.0,11.0
315CB,CL,6.0,6.358,5.82,9.166666667,5.0,3.0,3.0,2.912,10.0,10.0,-10.0,8.5,0.3,7.0,4.4,10,10.0,8.0,12.0,12.0,8.5,8.0,10.0,10.0,10.0,12.0,10.0,9.0
315CB,MC,6.0,6.395,4.48,6.666666667,3.0,2.0,3.0,7.28,10.0,10.0,8.5,8.5,,5.7,3.6,9.85,10.0,10.0,8.0,7.0,8.5,10.0,10.0,10.0,8.0,7.0,,10.0
315CB,MC,8.0,8.1785,5.79,6.666666667,3.0,3.0,2.0,7.424,10.0,10.0,9.1,8.5,,7.0,8.7,10,10.0,10.0,9.0,10.0,10.0,10.0,10.0,11.0,,7.0,9.8,10.0
311CC,AC,4.0,4.313,3.12,2.5,1.0,1.0,1.0,4.232,10.0,10.0,4.1,0.2,,3.0,3.2,10,10.0,15.0,9.0,10.0,10.0,9.0,12.0,7.5,10.0,10.0,12.0,9.0
311CC,AC,10.0,10.4875,7.95,10,5.0,4.0,5.0,10,10.0,10.0,11.5,10.0,11.0,10.4,10.4,10,10.0,10.0,10.0,10.0,10.0,10.0,11.0,7.5,10.0,11.0,10.0,10.0
311CC,AC,10.0,9.678,7.34,9.166666667,4.0,5.0,2.0,8.072,10.0,10.0,10.0,8.5,1.8,9.5,10.4,10,10.0,10.0,9.0,10.0,10.0,9.0,10.0,10.0,10.0,10.0,10.0,10.0
311CC,AC,7.0,6.5525,5.01,5.833333333,3.0,1.0,3.0,6.8,10.0,10.0,8.0,7.0,,7.4,4.1,9.6,10.0,6.0,10.0,10.0,10.0,,10.0,10.0,10.0,10.0,10.0
311CC,RD4,9.0,8.875,7.62,10,5.0,5.0,3.0,6.48,,8.5,10.0,8.5,,8.5,8.0,10,10.0,10.0,10.0,10.0,10.0,9.0,11.0,10.0,10.0,13.0,11.0,9.0
311CC,RD4,6.0,5.9095,6.13,7.5,4.0,4.0,1.0,1.688,10.0,,3.4,,0.3,4.9,6.3,7.65,,,9.0,10.0,10.0,9.0,11.0,7.5,8.0,12.0,
311CC,RD4,7.0,7.159,6.34,7.5,4.0,3.0,2.0,3.936,,8.5,10.0,7.9,-10.0,8.4,6.5,10,10.0,10.0,10.0,10.0,10.0,9.0,11.0,10.0,10.0,10.0,11.0
311CC,AC,9.0,8.79,7.92,10,5.0,5.0,5.0,5.24,10.0,10.0,10.0,8.5,-10.0,9.0,8.4,10,10.0,10.0,10.0,10.0,10.0,10.0,11.0,,10.0,10.0,10.0,10.0
311CC,AC,6.0,6.22,3.12,5.833333333,2.0,4.0,1.0,7.64,10.0,10.0,10.0,8.5,,6.8,3.9,10,10.0,10.0,9.0,10.0,10.0,9.0,10.0,10.0,10.0,8.0,9.0,10.0
311CC,AC,7.0,7.2875,7.37,7.5,3.0,3.0,3.0,7.16,10.0,10.0,9.5,7.0,,8.4,3.0,9.4,10.0,10.0,9.0,10.0,10.0,7.0,10.0,10.0,8.0,10.0,
311CC,RD4,6.0,5.9385,4.13,6.666666667,2.0,3.0,3.0,5.744,10.0,7.5,6.6,6.5,,6.7,3.2,10,10.0,10.0,,10.0,10.0,9.0,11.0,10.0,10.0,,10.0,10.0
311CC,RD4,8.0,8.1905,5.67,10,5.0,4.0,5.0,4.472,10.0,10.0,-10.0,10.0,5.3,9.3,8.9,10,10.0,6.0,10.0,10.0,10.0,9.0,12.0,13.0,10.0,10.0,11.0,10.0
311CC,RD4,10.0,10.6375,8.55,10,3.0,5.0,5.0,10,10.0,10.0,11.5,10.0,9.1,12.0,10.8,10,10.0,15.0,13.0,11.0,10.0,10.0,12.0,13.0,10.0,13.0,11.0,13.0
311CC,AC,7.0,7.4575,6.29,5,3.0,2.0,1.0,7.64,10.0,10.0,10.0,8.5,0.0,6.5,6.3,10,10.0,9.0,10.0,10.0,9.5,9.0,11.0,10.0,10.0,10.0,10.0,10.0
311CC,AC,8.0,7.9765,5.01,7.5,4.0,2.0,3.0,8.576,10.0,10.0,9.1,9.5,3.8,7.8,6.7,10,10.0,10.0,10.0,11.0,10.0,,11.0,10.0,10.0,10.0,10.0
311CC,AC,7.0,6.504,4.08,5,5.0,0.0,1.0,7.976,10.0,10.0,9.4,8.5,2.0,3.9,5.4,10,10.0,10.0,10.0,10.0,10.0,9.0,12.0,10.0,10.0,10.0,10.0,10.0
311CC,,,0,,0,,,,0,,,,,,,,0,,,,,,,,,,,
311CC,AC,2.0,1.435,2.12,0,,,0.0,0,,,,,,0.8,0.5,7,10.0,10.0,,5.0,10.0,5.0,5.0,5.0,5.0,5.0,10.0
311CC,AC,9.0,9.3825,8.29,10,4.0,5.0,4.0,5.24,10.0,10.0,10.0,8.5,-10.0,10.8,10.3,10,10.0,11.0,9.0,10.0,10.0,9.0,12.0,,10.0,10.0,10.0,10.0
311CC,AC,10.0,10.24,6.96,10,4.0,4.0,5.0,10,10.0,10.0,11.5,10.0,7.3,12.0,10.8,10,10.0,15.0,17.0,11.0,10.0,10.0,12.0,11.0,13.0,13.0,10.0,10.0
311CC,AC,10.0,9.89,8.46,8.333333333,5.0,4.0,1.0,10,10.0,10.0,11.5,10.0,11.0,10.0,8.1,10,10.0,10.0,10.0,10.0,10.0,10.0,12.0,10.0,10.0,12.0,10.0,10.0
311CC,RD4,8.0,7.99,6.04,8.333333333,3.0,4.0,3.0,5.6,10.0,10.0,11.5,8.5,-10.0,5.3,9.2,10,10.0,9.0,9.0,10.0,10.0,9.0,12.0,10.0,10.0,10.0,12.0,8.0
311CC,RD4,10.0,9.558,6.08,10,5.0,5.0,5.0,9.152,10.0,10.0,11.5,9.5,3.8,7.5,10.0,10,10.0,10.0,12.0,11.0,10.0,9.0,12.0,13.0,10.0,11.0,11.0,10.0
311CC,AC,7.0,6.9815,7.17,5.833333333,3.0,1.0,3.0,5.096,10.0,10.0,9.4,8.5,-10.0,3.4,6.8,10,10.0,10.0,9.0,10.0,10.0,7.0,10.0,10.0,8.0,10.0,8.0,8.0
311CC,RD4,9.0,9.018,7.92,10,5.0,5.0,3.0,8.072,10.0,10.0,10.0,8.5,1.8,6.7,7.4,10,10.0,15.0,10.0,11.0,10.0,9.0,12.0,11.0,10.0,10.0,10.0
311CC,,,0,,0,,,,0,,,,,,,,0,,,,,,,,,,,
311CC,RD4,6.0,6.0225,5.01,3.333333333,2.0,2.0,0.0,2.72,10.0,10.0,-10.0,8.0,,6.9,7.6,10,10.0,10.0,9.0,10.0,10.0,9.0,11.0,10.0,10.0,10.0,11.0,8.0
312CC,FA,7.0,7.0705,3.87,7.5,3.0,3.0,3.0,7.592,10.0,10.0,9.5,8.5,0.3,5.3,6.2,10,10.0,10.0,10.0,10.0,10.0,10.0,12.0,7.5,10.0,11.0,9.0
312CC,FA,7.0,6.87,4.54,4.166666667,1.0,1.0,3.0,7.16,10.0,10.0,8.5,8.0,,3.7,8.8,7.5,10.0,6.0,7.0,7.5,6.5,9.0,10.0,6.0,6.0,7.0,
312CC,FA,,3.823,,5.833333333,2.0,2.0,3.0,5.832,,10.0,7.0,7.3,,5.5,,9.4,10.0,9.0,10.0,10.0,10.0,10.0,10.0,9.0,9.0,7.0,
312CC,FA,10.0,10.0005,7.41,10,4.0,3.0,5.0,8.792,10.0,10.0,11.5,10.0,1.8,11.2,9.8,10,10.0,9.0,9.5,10.0,10.0,10.0,10.0,11.0,10.0,8.5,9.0
312CC,FA,9.0,8.5975,6.25,10,5.0,5.0,5.0,7.64,10.0,10.0,9.5,8.0,1.0,11.1,6.5,10,10.0,8.0,10.0,10.0,10.0,10.0,10.0,7.5,12.0,8.5,9.0
312CC,FA,10.0,9.8825,8.21,10,5.0,5.0,5.0,8.36,10.0,10.0,9.5,9.5,2.5,7.4,10.0,10,10.0,10.0,9.0,11.0,9.5,11.0,11.0,10.0,10.0,8.5,9.0
312CC,FA,8.0,8.3625,6.17,10,4.0,4.0,5.0,7.76,10.0,10.0,10.0,6.5,2.5,6.8,6.8,10,10.0,8.0,10.0,10.0,9.5,10.0,10.0,10.0,10.0,10.0,9.5
312CC,FA,9.0,8.71,7.34,6.666666667,1.0,4.0,3.0,7.64,10.0,10.0,10.0,8.5,,7.9,8.7,10,10.0,8.0,10.0,8.5,9.0,10.0,11.0,10.0,10.0,10.0,9.0
312CC,FA,9.0,8.63,5.46,10,5.0,3.0,4.0,7.76,10.0,10.0,9.5,9.5,,6.5,8.7,10,10.0,9.0,10.0,10.0,10.0,10.0,,11.0,12.0,10.0,10.0
312CC,FA,9.0,8.548,5.08,10,4.0,4.0,4.0,8.432,10.0,10.0,10.0,10.0,1.8,5.7,8.4,10,10.0,9.0,10.0,11.0,10.0,10.0,10.0,10.0,10.0,8.5,9.0
312CC,FA,10.0,10.7725,9.09,10,5.0,5.0,5.0,10,10.0,10.0,11.5,11.5,11.0,12.0,10.8,10,10.0,12.0,10.0,11.0,10.0,10.0,11.0,12.0,12.0,11.0,11.0
312CC,FA,7.0,7.105,5.38,10,4.0,4.0,4.0,7.52,10.0,10.0,9.5,8.5,,6.3,3.0,10,10.0,10.0,10.0,10.0,8.5,10.0,10.0,9.0,8.0,7.0,9.0
312CC,FA,10.0,10.2625,8.21,10,5.0,4.0,5.0,10,10.0,10.0,11.5,10.0,11.0,7.1,10.8,10,10.0,12.0,18.0,12.0,10.0,10.0,10.0,10.0,10.0,11.0,10.0
312CC,FA,10.0,10.115,8.34,10,5.0,5.0,5.0,10,10.0,10.0,9.4,10.0,9.1,5.3,10.2,10,10.0,8.0,11.0,10.0,10.0,10.0,10.0,7.5,10.0,8.5,9.5
312CC,FA,10.0,10.735,9.5,10,5.0,5.0,4.0,9.44,10.0,10.0,11.5,10.0,4.5,11.0,12.0,10,10.0,10.0,16.0,12.0,10.0,10.0,12.0,11.0,10.0,10.0,10.0
312CC,FA,6.0,6.003,3.42,5,2.0,3.0,1.0,6.872,10.0,10.0,7.3,8.0,,3.6,5.3,9.95,10.0,8.0,9.0,10.0,9.0,10.0,10.0,7.5,10.0,7.0,9.0
312CC,FA,8.0,7.94,4.96,10,4.0,5.0,4.0,8.12,10.0,10.0,9.5,8.5,2.5,6.2,6.2,10,10.0,10.0,9.0,10.0,10.0,10.0,10.0,7.5,9.0,8.5,9.0
312CC,FA,6.0,6.2465,3.83,7.5,3.0,5.0,1.0,7.376,10.0,10.0,9.5,7.9,,2.1,4.5,9.85,10.0,8.0,9.0,10.0,8.5,10.0,10.0,10.0,8.0,7.0,8.0
312CC,FA,10.0,9.93,7.0,8.333333333,3.0,2.0,5.0,10,10.0,10.0,11.5,10.0,7.3,9.3,10.6,10,10.0,10.0,9.0,10.0,10.0,10.0,10.0,10.0,10.0,11.0,9.5
312CC,FA,7.0,6.513,3.66,7.5,3.0,4.0,2.0,7.952,10.0,10.0,9.5,8.5,1.8,2.1,5.1,10,10.0,9.0,9.0,10.0,9.5,10.0,10.0,10.0,10.0,10.0,9.0
312CC,FA,8.0,8.24,7.04,6.666666667,2.0,4.0,2.0,9.44,10.0,10.0,11.5,10.0,4.5,8.2,5.2,10,10.0,10.0,9.0,10.0,7.5,9.0,10.0,10.0,10.0,10.0,9.5
312CC,FA,8.0,8.245,5.8,9.166666667,4.0,4.0,3.0,8.24,10.0,10.0,11.5,9.5,,5.1,7.4,10,10.0,9.0,10.0,10.0,10.0,10.0,10.0,9.0,9.0,7.0,9.0
312CC,FA,4.0,4.2125,6.75,5,2.0,3.0,1.0,0,,,,,,5.0,1.1,10,10.0,11.0,9.0,10.0,8.5,10.0,10.0,11.0,10.0,5.0,8.0
312CC,FA,10.0,10.335,7.34,10,5.0,3.0,4.0,10,10.0,10.0,11.5,10.0,8.2,10.2,12.0,10,10.0,9.0,9.0,10.0,10.0,10.0,10.0,10.0,10.0,11.0,9.5
312CC,,,1.1,,0,,,,0,,,
,1,10.0,,,,,,,,,,
312CC,FA,10.0,10.718,10.04,10,4.0,4.0,5.0,9.632,10.0,10.0,11.5,10.0,5.3,8.0,10.8,10,10.0,10.0,14.0,10.0,8.5,10.0,10.0,13.0,14.0,11.0,9.5
312CC,FA,10.0,10.8325,9.33,10,4.0,4.0,5.0,10,10.0,10.0,11.5,10.0,8.2,10.0,12.0,10,10.0,10.0,9.0,10.0,12.0,11.0,12.0,13.0,10.0,12.0,10.0
312CC,FA,7.0,6.955,5.54,8.333333333,5.0,2.0,3.0,6.36,,10.0,8.5,8.0,,6.6,4.9,8.45,10.0,8.0,9.0,8.5,9.5,9.0,10.0,7.5,6.0,7.0,
313CC,VI,8.0,7.817,5.32,10,4.0,5.0,4.0,6.768,0.0,10.0,9.4,8.5,0.3,9.7,5.3,10,10.0,10.0,10.0,10.0,8.0,9.0,10.0,10.0,10.0,10.0,9.0
313CC,VI,10.0,9.663,8.87,10,5.0,5.0,5.0,8.912,10.0,10.0,11.5,8.5,3.8,9.2,7.6,8.975,10.0,9.0,10.0,10.0,9.75,10.0,10.0,10.0,11.0,,
313CC,VI,10.0,9.793,6.74,10,5.0,4.0,4.0,9.632,10.0,10.0,9.5,10.0,7.3,11.2,8.8,10,10.0,9.0,10.0,10.0,11.0,10.0,10.0,10.0,11.0,12.0,8.0,10.0
313CC,VI,7.0,7.43,6.74,5.833333333,2.0,4.0,1.0,7.16,10.0,10.0,9.5,7.0,,6.8,5.6,10,10.0,6.0,10.0,10.0,8.5,8.0,10.0,9.0,10.0,10.0,8.0,10.0
313CC,VI,10.0,10.308,8.08,10,5.0,4.0,5.0,9.752,10.0,10.0,10.0,10.0,7.3,11.0,9.4,10,10.0,10.0,10.0,10.0,10.0,10.0,10.0,10.0,10.0,10.0,9.0,10.0
313CC,VI,10.0,10.6455,8.95,10,4.0,5.0,4.0,9.632,10.0,10.0,10.0,9.5,7.3,12.0,10.8,10,10.0,8.0,10.0,10.0,9.5,9.0,10.0,9.0,10.0,10.0,10.0,10.0
313CC,VI,4.0,4.7145,5.65,4.166666667,1.0,1.0,3.0,2.568,,,5.5,4.9,0.3,1.6,3.5,10,10.0,8.0,7.0,10.0,8.5,7.0,10.0,9.0,10.0,8.0,10.0,10.0
313CC,VI,6.0,6.468,5.28,6.666666667,2.0,3.0,3.0,5.792,10.0,7.5,5.8,7.5,,5.0,4.8,10,10.0,8.0,9.0,10.0,8.5,8.0,10.0,10.0,10.0,10.0,8.0
313CC,VI,3.0,2.868,3.98,0.8333333333,1.0,0.0,0.0,0.792,,,2.1,1.2,,4.7,0.8,8.8,,,10.0,10.0,,9.0,10.0,9.0,10.0,10.0,10.0,10.0
313CC,VI,7.0,7.3725,4.27,7.5,3.0,5.0,1.0,8.12,10.0,10.0,9.5,8.5,2.5,7.5,5.6,10,10.0,10.0,10.0,10.0,10.0,9.0,10.0,10.0,10.0,11.0,8.0,10.0
313CC,VI,7.0,6.69,4.86,10,4.0,4.0,4.0,5.84,10.0,7.5,7.6,5.9,0.0,7.4,3.1,10,10.0,6.0,10.0,10.0,8.5,9.0,10.0,10.0,10.0,10.0,10.0,10.0
313CC,VI,10.0,10.2155,7.91,10,5.0,3.0,4.0,9.752,10.0,10.0,10.0,10.0,7.3,10.0,9.2,10,10.0,10.0,10.0,10.0,10.0,9.0,10.0,10.0,11.0,12.0,,10.0
313CC,VI,6.0,6.111,4.9,4.166666667,3.0,2.0,,6.224,10.0,10.0,7.0,5.3,0.3,8.7,3.4,9.85,10.0,6.0,10.0,10.0,8.5,8.0,10.0,9.0,,9.0,8.0,10.0
313CC,VI,9.0,8.6275,6.19,10,5.0,4.0,3.0,8.72,10.0,10.0,10.0,10.0,3.0,10.5,5.6,10,10.0,8.0,10.0,10.0,9.5,9.0,10.0,10.0,12.0,11.0,10.0,10.0
313CC,VI,7.0,7.445,3.48,5,3.0,2.0,1.0,10,10.0,10.0,10.0,10.0,11.0,6.5,6.7,10,10.0,8.0,10.0,10.0,8.0,8.0,10.0,10.0,10.0,10.0,10.0,10.0
313CC,VI,,0,,0,,,,0,,,,,,,,0,,,,,,,,,,,
313CC,VI,7.0,6.5695,4.99,4.166666667,2.0,3.0,0.0,5.768,10.0,10.0,8.0,2.7,,5.3,6.9,10,10.0,8.0,10.0,10.0,9.75,9.0,10.0,9.0,10.0,10.0,10.0
313CC,VI,10.0,9.5495,6.99,10,5.0,5.0,4.0,9.248,10.0,10.0,9.5,9.0,6.7,8.9,8.4,10,10.0,8.0,10.0,10.0,9.75,9.0,10.0,9.0,10.0,10.0,8.0,10.0
313CC,VI,8.0,7.88,5.44,6.666666667,2.0,4.0,2.0,6.84,0.0,10.0,10.0,8.5,,8.1,8.0,10,10.0,9.0,10.0,10.0,8.0,9.0,10.0,9.0,10.0,10.0,10.0,10.0
313CC,VI,5.0,5.325,5.74,1.666666667,1.0,0.0,1.0,4.68,,10.0,9.5,,,4.7,4.0,10,10.0,10.0,9.0,10.0,8.0,9.0,10.0,10.0,10.0,10.0,10.0,10.0
313CC,VI,7.0,7.0465,4.57,6.666666667,3.0,2.0,3.0,7.376,10.0,10.0,9.5,7.9,,7.1,5.4,10,10.0,6.0,10.0,10.0,10.0,9.0,10.0,10.0,10.0,10.0,9.0
313CC,VI,10.0,10.3115,7.91,10,3.0,4.0,5.0,9.656,10.0,10.0,10.0,9.5,7.4,9.2,10.0,10,10.0,8.0,10.0,10.0,9.75,9.0,,10.0,11.0,10.0,10.0,10.0
313CC,VI,10.0,9.8055,8.03,10,5.0,5.0,3.0,8.792,10.0,10.0,10.0,9.5,3.8,10.4,8.4,10,10.0,6.0,10.0,10.0,9.75,9.0,10.0,9.0,10.0,10.0,9.0
313CC,VI,7.0,7.412,5.82,7.5,4.0,2.0,3.0,7.328,10.0,10.0,9.4,7.5,0.3,3.5,6.6,10,10.0,6.0,10.0,10.0,9.5,9.0,10.0,9.0,10.0,10.0,8.0,10.0
313CC,VI,10.0,9.7625,6.95,10,5.0,5.0,3.0,8.6,10.0,10.0,10.0,10.0,2.5,10.0,9.5,10,10.0,6.0,10.0,10.0,10.0,10.0,10.0,10.0,10.0,10.0,10.0,10.0
313CC,VI,8.0,8.174,5.82,9.166666667,3.0,4.0,4.0,7.376,10.0,10.0,9.4,7.7,0.3,8.0,6.8,10,10.0,6.0,10.0,10.0,10.0,8.0,10.0,10.0,10.0,10.0,10.0
313CC,VI,7.0,6.51,3.48,5.833333333,2.0,3.0,2.0,7.64,10.0,10.0,10.0,8.5,,5.8,5.1,10,10.0,6.0,10.0,10.0,10.0,9.0,10.0,10.0,10.0,10.0,10.0
313CC,VI,4.0,5.1865,4.41,5,2.0,3.0,1.0,6.296,10.0,10.0,6.1,6.5,0.3,2.6,2.0,10,10.0,8.0,10.0,10.0,8.5,8.0,10.0,10.0,10.0,10.0,10.0
314CC,AC,8.0,7.868,3.9,8.333333333,4.0,3.0,3.0,8.072,10.0,10.0,10.0,8.5,1.8,6.4,8.0,9.85,10.0,6.0,10.0,8.5,10.0,10.0,11.0,5.0,10.0,9.0,9.0
314CC,AC,9.0,8.8405,5.95,10,5.0,4.0,4.0,8.072,10.0,10.0,10.0,10.0,0.3,7.1,8.5,10,10.0,6.0,10.0,8.5,12.0,10.0,11.0,7.5,10.0,9.0,9.0,10.0
314CC,SC,8.0,8.343,7.08,7.5,2.0,4.0,3.0,9.152,10.0,10.0,11.5,10.0,3.3,8.6,5.2,10,10.0,10.0,10.0,10.0,12.0,10.0,13.0,10.0,10.0,11.0,10.0,8.0
314CC,AC,7.0,7.2405,4.53,8.333333333,4.0,4.0,2.0,9.152,10.0,10.0,9.0,8.5,7.3,6.2,3.9,9.75,10.0,4.5,10.0,8.5,6.5,9.0,10.0,5.0,10.0,5.0,9.0,10.0
314CC,AC,9.0,9.0125,8.83,10,4.0,4.0,5.0,7.4,10.0,10.0,9.5,8.0,,6.8,7.1,10,10.0,9.0,10.0,8.5,8.5,10.0,,5.0,12.0,10.0,9.0,10.0
314CC,AC,10.0,10.685,8.74,10,5.0,4.0,5.0,10,10.0,10.0,10.0,10.0,11.0,11.0,11.2,10,10.0,9.0,10.0,8.5,12.0,10.0,12.0,11.0,12.0,10.0,11.0,10.0
314CC,AC,6.0,6.438,3.94,6.666666667,4.0,3.0,1.0,9.152,10.0,10.0,10.0,9.5,5.3,3.3,4.0,8.35,10.0,4.5,10.0,8.5,6.5,8.0,10.0,3.0,8.0,,5.0,10.0
314CC,AC,6.0,5.7675,4.41,5.833333333,3.0,2.0,2.0,7.64,10.0,10.0,10.0,8.5,,2.6,3.3,7.95,10.0,2.5,10.0,8.5,6.5,,10.0,3.0,8.0,3.0,8.0,10.0
314CC,AC,7.0,7.01,5.82,6.666666667,5.0,2.0,1.0,5.48,10.0,10.0,10.0,9.5,-10.0,3.6,7.3,10,10.0,6.0,9.0,8.5,6.5,8.0,9.0,10.0,10.0,7.0,9.0,10.0
314CC,AC,8.0,8.0075,6.49,10,5.0,4.0,3.0,5.48,10.0,10.0,9.5,10.0,-10.0,4.9,8.1,10,10.0,9.0,9.0,8.5,10.0,10.0,10.0,7.5,10.0,5.0,11.0,10.0
314CC,AC,6.0,5.6135,3.99,6.666666667,3.0,2.0,3.0,4.544,10.0,10.0,9.4,6.2,-10.0,4.1,4.6,9.2,10.0,6.0,9.0,8.5,6.5,8.0,7.0,5.0,8.0,5.0,9.0,10.0
314CC,SC,6.0,6.3255,4.07,5.833333333,2.0,3.0,2.0,7.592,10.0,10.0,9.5,8.5,0.3,4.6,4.3,10,10.0,10.0,10.0,10.0,6.5,8.0,10.0,10.0,10.0,12.0,10.0,8.0
314CC,AC,6.0,5.835,2.36,7.5,5.0,2.0,2.0,7.52,10.0,10.0,9.5,8.5,,2.6,4.8,7.8,10.0,6.0,9.0,8.5,8.5,9.0,8.0,3.0,10.0,6.0,
314CC,AC,5.0,5.221,2.82,3.333333333,2.0,1.0,1.0,7.424,10.0,10.0,9.1,8.5,,4.6,3.7,7.75,10.0,9.0,10.0,8.5,10.0,8.0,,5.0,8.0,,9.0
314CC,SC,4.0,4.925,3.96,10,5.0,3.0,4.0,2.6,10.0,7.5,,,,4.7,2.3,7.4,10.0,10.0,10.0,10.0,10.0,9.0,,,,,10.0,5.0
314CC,AC,9.0,8.5985,7.03,8.333333333,4.0,4.0,2.0,7.664,10.0,10.0,9.1,9.5,,10.1,6.7,10,10.0,9.0,10.0,8.5,10.0,9.0,10.0,7.5,10.0,8.0,,11.0
314CC,,,0,,0,,,,0,,,,,,,,0,,,,,,,,,,,
314CC,AC,9.0,8.699,7.08,10,2.0,5.0,5.0,9.056,10.0,10.0,11.5,9.5,3.4,5.4,6.5,10,10.0,10.0,10.0,10.0,12.0,12.0,13.0,10.0,11.0,12.0,10.0,8.0
314CC,SC,9.0,8.937,7.62,10,5.0,4.0,4.0,9.248,10.0,10.0,10.0,9.4,5.8,3.7,7.4,10,10.0,10.0,10.0,10.0,10.0,10.0,13.0,10.0,11.0,12.0,10.0
314CC,SC,8.0,7.918,5.86,10,5.0,5.0,4.0,8.312,10.0,10.0,10.0,9.5,1.8,5.0,5.5,10,10.0,10.0,10.0,10.0,12.0,12.0,13.0,10.0,11.0,12.0,10.0,8.0
314CC,SC,6.0,5.5075,2.57,5.833333333,4.0,1.0,2.0,7.52,10.0,10.0,9.5,8.5,,2.6,3.4,10,10.0,10.0,10.0,10.0,8.5,9.0,10.0,10.0,10.0,10.0,10.0
314CC,SC,6.0,6.2845,3.07,7.5,4.0,3.0,2.0,7.568,10.0,10.0,9.4,8.5,0.3,3.0,4.8,10,10.0,10.0,10.0,10.0,6.5,7.0,10.0,10.0,10.0,12.0,10.0,8.0
314CC,SC,5.0,5.445,3.06,8.333333333,2.0,4.0,4.0,4.92,,10.0,8.0,2.5,,3.5,3.4,10,,10.0,10.0,10.0,7.5,4.0,13.0,10.0,10.0,11.0,10.0,7.0
314CC,SC,9.0,8.8645,7.57,10,5.0,5.0,5.0,8.528,10.0,10.0,10.0,10.0,2.2,9.4,5.6,10,10.0,10.0,12.0,10.0,12.0,14.0,13.0,11.0,12.0,11.0,12.0,8.5
314CC,SC,9.0,8.6655,6.07,7.5,4.0,2.0,3.0,8.192,10.0,10.0,9.5,9.5,1.8,8.0,8.7,10,10.0,10.0,10.0,10.0,,12.0,10.0,10.0,10.0,10.0,10.0
314CC,SC,9.0,8.51,5.74,10,5.0,4.0,3.0,8,10.0,10.0,11.5,8.5,,9.4,6.8,9.35,10.0,10.0,10.0,10.0,8.5,10.0,,10.0,13.0,12.0,
314CC,SC,9.0,9.3375,5.65,10,5.0,4.0,4.0,10,10.0,10.0,11.5,10.0,11.0,10.0,7.7,10,10.0,10.0,10.0,10.0,12.0,12.0,13.0,10.0,11.0,13.0,12.0,12.0
314CC,SC,10.0,9.9035,8.03,10,4.0,4.0,4.0,7.784,10.0,10.0,9.1,10.0,,9.5,11.2,10,10.0,10.0,10.0,10.0,7.5,10.0,13.0,11.0,10.0,11.0,10.0,7.5
311CD,SC,9.0,8.5955,7.79,9.166666667,4.0,4.0,3.0,8.072,10.0,10.0,9.5,8.5,2.3,7.3,6.1,10,10.0,10.0,10.0,10.0,8.5,10.0,13.0,10.0,12.0,10.0,,14.0
311CD,MG,9.0,8.6205,7.25,10,4.0,5.0,5.0,9.752,10.0,10.0,10.0,10.0,7.3,6.2,5.0,10,10.0,10.0,10.0,10.0,9.0,,10.0,9.5,10.0,12.0,10.0,11.0
311CD,MG,10.0,9.518,8.16,7.5,3.0,4.0,2.0,9.752,10.0,10.0,10.0,10.0,7.3,9.4,7.9,10,10.0,10.0,10.0,10.0,8.5,,12.0,12.0,10.0,13.0,8.5,1.0
311CD,MG,8.0,7.615,6.08,7.5,3.0,4.0,2.0,9.08,10.0,10.0,9.5,8.5,6.5,3.0,5.6,10,10.0,10.0,10.0,10.0,8.5,,10.0,9.5,10.0,11.0,9.0,11.0
311CD,SC,8.0,8.448,6.88,8.333333333,5.0,3.0,2.0,9.752,10.0,10.0,10.0,10.0,7.3,8.4,4.8,10,10.0,10.0,12.0,10.0,10.0,10.0,13.0,10.0,10.0,13.0,12.0,10.0
311CD,SC,10.0,10.755,9.5,10,4.0,5.0,5.0,10,10.0,10.0,11.5,11.5,6.5,8.8,10.8,10,10.0,13.0,13.0,12.0,10.0,13.0,13.0,13.0,14.0,14.0,12.0,16.5
311CD,MG,7.0,7.0565,6.79,9.166666667,3.0,4.0,4.0,7.256,10.0,10.0,8.4,8.5,0.0,3.2,3.4,10,10.0,10.0,10.0,10.0,8.5,,10.0,9.5,10.0,11.2,9.5,13.0
311CD,MG,9.0,8.766,7.92,9.166666667,1.0,5.0,5.0,9.944,10.0,10.0,9.5,9.5,9.1,6.5,5.1,10,10.0,10.0,10.0,10.0,8.5,,10.0,10.0,10.0,10.0,9.0,10.5
311CD,SC,10.0,9.406,8.88,7.5,2.0,4.0,3.0,9.104,10.0,10.0,9.3,10.0,5.3,8.6,7.7,10,10.0,11.0,12.0,12.0,8.5,12.0,13.0,10.0,13.0,11.5,9.5,11.0
311CD,SC,9.0,8.8295,6.55,9.166666667,3.0,5.0,3.0,9.968,10.0,10.0,10.0,10.0,8.2,5.5,7.1,10,10.0,10.0,10.0,10.0,7.5,10.0,10.0,11.0,12.0,12.0,12.0,12.0
311CD,MG,10.0,10.1675,9.37,7.5,,5.0,4.0,10,10.0,10.0,11.5,11.5,11.0,10.8,8.8,10,10.0,15.0,15.0,12.0,12.0,,13.0,13.0,14.0,20.0,,1.0
311CD,SC,10.0,9.798,8.0,9.166666667,3.0,3.0,5.0,9.392,10.0,10.0,10.0,10.0,5.8,9.5,8.5,10,10.0,10.0,10.0,10.0,10.0,10.0,13.0,10.0,10.0,10.0,12.0,11.5
311CD,SC,9.0,8.9055,6.83,8.333333333,3.0,4.0,3.0,9.752,10.0,10.0,10.0,10.0,7.3,8.6,6.6,10,10.0,13.0,12.0,12.0,,12.0,13.0,10.0,13.0,12.0,12.0,10.0
311CD,MG,10.0,10.875,9.5,10,5.0,5.0,3.0,10,10.0,10.0,10.0,10.0,11.0,10.6,12.2,10,10.0,15.0,15.0,12.0,12.0,,13.0,13.0,14.0,20.0,,10.0
311CD,MG,10.0,9.4235,9.37,5.833333333,,3.0,4.0,9.824,10.0,7.5,9.1,10.0,11.0,10.6,7.0,10,10.0,10.0,12.0,12.0,10.0,,11.0,10.0,10.0,14.8,,6.5
311CD,SC,7.0,6.755,5.34,6.666666667,2.0,2.0,4.0,7.16,10.0,10.0,8.5,8.0,,4.8,4.6,10,10.0,10.0,12.0,10.0,7.5,10.0,13.0,10.0,10.0,13.0,,8.5
311CD,MG,9.0,8.8775,7.37,7.5,2.0,2.0,5.0,9.2,10.0,10.0,10.0,10.0,5.0,6.6,7.8,10,10.0,11.0,10.0,10.0,9.0,,12.0,9.5,10.0,12.3,10.5,9.0
311CD,MG,7.0,7.204,5.62,8.333333333,4.0,3.0,3.0,7.616,10.0,10.0,9.1,7.5,1.8,3.2,5.3,10,10.0,9.0,8.0,9.0,8.0,,10.0,8.5,9.0,10.0,9.0,10.0
311CD,SC,8.0,8.173,5.92,4.166666667,2.0,3.0,0.0,8.792,10.0,10.0,11.5,10.0,1.8,9.2,7.8,10,10.0,11.0,12.0,12.0,10.0,10.0,13.0,10.0,,12.0,10.0,10.5
311CD,MG,5.0,5.173,2.54,1.666666667,0.0,1.0,1.0,8.792,10.0,10.0,10.0,9.5,3.8,0.8,4.4,9.1,10.0,8.0,7.0,9.0,7.5,,10.0,9.0,9.0,7.0,8.5,6.0
311CD,SC,6.0,6.7375,4.75,5,3.0,,3.0,7.4,10.0,10.0,9.0,8.5,,8.6,5.6,6.9,10.0,11.0,12.0,12.0,10.0,,,,14.0,,
311CD,SC,4.0,4.085,3.66,0.8333333333,0.0,,1.0,5.52,0.0,10.0,6.6,6.4,,3.1,1.9,8.8,10.0,10.0,10.0,10.0,5.5,10.0,10.0,11.0,,10.0,0.0,1.5
311CD,SC,9.0,8.793,7.04,3.333333333,0.0,2.0,2.0,9.752,10.0,10.0,10.0,10.0,7.3,9.2,8.7,10,10.0,11.0,12.0,10.0,10.0,11.0,13.0,10.0,10.0,13.0,12.0,10.0
311CD,SC,9.0,9.285,9.04,5,1.0,3.0,2.0,10,10.0,10.0,10.0,10.0,11.0,6.0,8.7,10,10.0,10.0,10.0,10.0,10.0,10.0,13.0,10.0,12.0,16.0,10.0,12.0
311CD,SC,10.0,9.69,8.34,6.666666667,2.0,2.0,4.0,9.84,0.0,10.0,10.0,10.0,11.0,9.2,8.9,10,10.0,11.0,10.0,12.0,,12.0,13.0,10.0,13.0,13.0,10.0,12.0
311CD,MG,10.0,9.5025,8.13,7.5,,4.0,5.0,10,10.0,10.0,10.0,10.0,11.0,9.2,7.7,10,10.0,15.0,13.0,12.0,12.0,,13.0,13.0,14.0,14.0,,10.0
312CD,CL,8.0,8.0575,5.71,6.666666667,1.0,3.0,4.0,10,10.0,10.0,11.5,10.0,8.2,7.8,5.4,10,10.0,7.0,11.0,8.25,8.5,10.0,12.0,13.0,11.0,10.0,10.0,10.0
312CD,CL,8.0,8.375,6.46,5,3.0,3.0,0.0,10,10.0,10.0,10.0,10.0,11.0,6.6,7.4,10,10.0,7.0,14.0,8.5,8.5,12.0,10.0,8.0,12.0,11.0,10.0
312CD,RD2,7.0,7.16,6.04,5.833333333,2.0,2.0,3.0,7.76,10.0,10.0,9.5,9.5,,4.1,5.7,10,10.0,11.0,8.0,10.0,6.5,9.0,10.0,10.0,10.0,8.0,8.0,10.0
312CD,CL,8.0,7.8535,5.97,7.5,4.0,2.0,3.0,7.424,10.0,10.0,9.0,4.3,4.3,4.3,7.8,10,10.0,11.0,9.0,10.0,6.5,9.0,12.0,11.0,,7.0,10.0,8.0
312CD,RD2,6.0,5.565,9.04,6.666666667,5.0,3.0,,0,,,,10.0,-10.0,3.3,4.6,8.25,10.0,10.0,10.0,8.5,0.0,4.0,10.0,2.0,10.0,2.0,6.0,10.0
312CD,RD2,8.0,8.3365,7.29,10,4.0,5.0,5.0,5.336,10.0,10.0,9.4,9.5,-10.0,7.3,7.8,10,10.0,10.0,10.0,10.0,8.5,10.0,10.0,10.0,10.0,8.0,10.0,10.0
312CD,CL,6.0,5.855,5.62,6.666666667,2.0,3.0,3.0,5.24,10.0,10.0,10.0,8.5,-10.0,3.9,3.0,10,10.0,7.0,11.5,4.5,6.0,11.0,10.0,7.5,10.0,10.0,10.0,8.5
312CD,RD2,10.0,9.9225,8.79,7.5,3.0,3.0,3.0,10,10.0,10.0,11.5,11.5,8.2,10.1,8.4,10,10.0,14.0,13.0,10.0,10.0,10.0,10.0,12.0,10.0,9.0,10.0,10.0
312CD,,,0.25,,0,,,,0,,,,,,,1.0,0,,,,,,,,,,,
312CD,RD2,4.0,3.18,2.08,0,,,,0.72,0.0,3.0,,,,3.8,4.4,10,10.0,14.0,10.0,11.0,3.5,10.0,10.0,7.5,10.0,8.0,8.0,10.0
312CD,RD2,7.0,7.115,4.46,9.166666667,5.0,3.0,3.0,7.28,10.0,10.0,9.5,7.5,,5.8,4.9,10,10.0,8.0,10.0,10.0,9.5,10.0,10.0,7.5,10.0,7.0,10.0,10.0
312CD,RD2,7.0,7.4515,6.79,4.166666667,2.0,3.0,,7.376,10.0,10.0,8.9,8.5,,8.1,5.9,10,10.0,10.0,8.0,10.0,6.5,9.0,10.0,11.0,10.0,7.0,8.0,10.0
312CD,,,0,,0,,,,0,,,,,,,,0,,,,,,,,,,,
312CD,RD2,7.0,7.0825,5.75,6.666666667,1.0,4.0,3.0,7.88,10.0,8.5,9.5,8.5,3.0,4.4,5.1,9.6,,10.0,8.0,12.0,3.5,10.0,10.0,7.5,10.0,7.0,8.0,10.0
312CD,,,0,,0,,,,0,,,,,,,,0,,,,,,,,,,,
312CD,CL,8.0,8.4605,6.25,7.5,3.0,3.0,3.0,8.912,10.0,10.0,10.0,9.5,4.3,6.7,7.5,10,10.0,7.5,11.0,8.5,5.5,10.0,11.0,10.0,10.0,12.0,11.0,7.0
312CD,RD2,7.0,6.7875,4.75,8.333333333,3.0,5.0,2.0,7.4,10.0,10.0,9.0,8.5,,5.0,4.0,10,10.0,10.0,10.0,10.0,8.5,9.0,10.0,11.0,10.0,7.0,8.0,10.0
312CD,RD2,10.0,10.8975,9.71,10,4.0,4.0,4.0,10,10.0,10.0,11.5,10.0,11.0,9.7,10.3,10,10.0,13.0,13.0,12.0,10.0,10.0,10.0,10.0,10.0,9.0,10.0,10.0
312CD,CL,6.0,6.1255,6.25,6.666666667,3.0,3.0,2.0,2.672,10.0,10.0,-10.0,6.0,1.8,7.2,4.7,10,10.0,7.5,9.5,8.0,10.0,9.5,10.0,11.0,10.0,10.0,10.0,7.5
312CD,RD2,9.0,8.589,8.58,9.166666667,2.0,5.0,4.0,5.096,10.0,10.0,9.4,8.5,-10.0,8.2,7.9,10,10.0,10.0,10.0,10.0,10.0,10.0,10.0,5.0,10.0,7.0,10.0,10.0
312CD,CL,6.0,5.9105,3.71,1.666666667,0.0,2.0,0.0,8.912,10.0,10.0,10.0,9.5,4.3,1.8,5.3,10,10.0,8.0,11.0,8.5,8.5,11.0,12.0,10.0,10.0,7.0,10.0,8.0
312CD,RD2,8.0,8.11,8.0,7.5,2.0,3.0,4.0,7.64,10.0,10.0,10.0,8.5,,4.0,6.7,10,10.0,8.0,10.0,10.0,8.5,10.0,10.0,10.0,10.0,7.0,,10.0
312CD,CL,8.0,8.062,7.08,8.333333333,3.0,3.0,4.0,8.528,10.0,10.0,8.4,8.5,5.3,5.6,5.4,10,10.0,7.0,11.0,5.5,6.5,10.0,7.0,7.5,10.0,10.0,10.0,7.5
312CD,CL,10.0,9.9625,8.95,9.166666667,3.0,4.0,4.0,10,10.0,10.0,10.0,10.0,9.1,6.5,8.8,10,10.0,11.0,12.0,10.0,10.0,12.0,12.0,11.0,14.0,12.0,11.0,10.0
312CD,CL,10.0,9.9525,8.79,8.333333333,4.0,3.0,3.0,10,10.0,10.0,11.5,11.5,8.5,8.8,8.5,10,10.0,10.0,14.0,11.0,10.0,12.0,12.0,11.0,14.0,15.0,10.0,10.0
312CD,CL,9.0,8.65,5.8,5,2.0,0.0,4.0,10,10.0,10.0,11.5,10.0,7.3,10.0,7.8,10,10.0,10.0,11.5,10.0,10.0,13.0,12.0,11.0,13.0,12.0,10.0,10.0
312CD,RD2,10.0,9.7,7.92,7.5,3.0,4.0,2.0,10,10.0,10.0,11.5,11.5,11.0,9.2,8.7,10,10.0,14.0,14.0,12.0,10.0,10.0,10.0,10.0,10.0,11.0,10.0,10.0
313CD,FA,8.0,8.155,5.08,10,3.0,5.0,4.0,8.72,10.0,10.0,11.5,11.5,,6.8,6.1,10,10.0,13.0,10.0,10.0,8.5,10.0,10.0,10.0,10.0,12.0,10.0
313CD,TB,8.0,8.149,5.92,7.5,4.0,3.0,2.0,7.136,10.0,10.0,8.1,8.0,0.3,8.6,7.6,10,10.0,10.0,10.0,10.0,9.0,9.0,8.0,10.0,10.0,10.0,10.0,10.0
313CD,TB,8.0,8.444,7.46,8.333333333,3.0,3.0,4.0,8.096,10.0,10.0,9.4,8.5,2.5,5.3,7.1,10,10.0,10.0,10.0,10.0,8.0,9.0,8.0,10.0,10.0,9.0,,11.0
313CD,TB,6.0,5.944,1.42,6.666666667,3.0,1.0,4.0,7.616,10.0,10.0,9.4,9.0,,4.0,5.2,9.85,10.0,10.0,8.5,10.0,3.0,9.0,8.0,10.0,10.0,10.0,10.0
313CD,TB,4.0,4.2435,2.79,0,0.0,,0.0,7.064,10.0,10.0,6.6,8.5,1.0,2.6,2.5,8.95,10.0,10.0,8.5,10.0,5.0,8.0,8.0,10.0,10.0,5.0,,5.0
313CD,TB,4.0,3.431,6.08,0,,,,0.144,,,,0.6,,5.2,3.0,6.05,10.0,,3.0,9.0,3.5,8.0,6.0,,10.0,5.0,,6.0
313CD,TB,10.0,10.6375,9.25,9.166666667,4.0,3.0,4.0,10,10.0,10.0,11.5,11.5,11.0,12.0,9.8,10,10.0,11.0,16.0,12.0,12.0,12.0,10.0,10.0,14.0,10.0,10.0,12.0
313CD,FA,6.0,6.262,5.46,3.333333333,2.0,1.0,1.0,6.968,10.0,10.0,8.4,7.0,0.3,5.2,5.0,8.85,10.0,13.0,10.0,8.5,9.0,10.0,10.0,10.0,,,8.0
313CD,TB,8.0,7.9055,5.75,9.166666667,4.0,4.0,3.0,8.312,10.0,10.0,10.0,9.5,1.8,5.4,5.9,10,10.0,10.0,8.5,10.0,5.0,8.0,8.0,10.0,10.0,10.0,10.0,11.0
313CD,FA,7.0,7.3895,6.13,5.833333333,3.0,3.0,1.0,8.768,10.0,10.0,9.4,9.5,4.3,6.9,4.4,10,10.0,9.0,10.0,8.5,6.5,9.0,10.0,10.0,10.0,12.0,10.0
313CD,FA,8.0,8.469,7.92,9.166666667,4.0,3.0,4.0,8.096,10.0,10.0,9.1,9.5,1.8,7.4,5.4,10,10.0,12.0,12.0,10.0,9.0,9.0,10.0,7.5,10.0,10.0,10.0
313CD,,,0,,0,,,,0,,,,,,,,0,,,,,,,,,,,
313CD,FA,8.0,8.4155,7.83,8.333333333,5.0,4.0,1.0,8.792,10.0,10.0,10.0,9.5,3.8,5.6,5.8,10,10.0,11.0,13.0,10.0,10.0,10.0,11.0,10.0,10.0,10.0,10.0
313CD,TB,4.0,4.5485,3.05,3.333333333,1.0,0.0,3.0,4.064,10.0,10.0,3.6,2.6,6.2,10.0,,8.5,,3.0,8.0,8.0,10.0,10.0,,,4.5
313CD,FA,10.0,10.0105,9.67,7.5,3.0,3.0,3.0,8.672,10.0,10.0,9.5,11.5,1.8,11.0,9.2,10,10.0,13.0,17.0,12.0,10.0,10.0,10.0,10.0,10.0,11.0,10.0
313CD,FA,9.0,8.6675,5.87,7.5,3.0,3.0,3.0,10,10.0,10.0,10.0,10.0,11.0,9.5,6.5,10,10.0,13.0,18.0,10.0,10.0,10.0,12.0,13.0,10.0,12.0,10.0
313CD,FA,7.0,7.0775,4.71,5,2.0,1.0,3.0,8.96,10.0,10.0,10.0,9.5,4.5,5.1,5.6,10,10.0,12.0,8.0,8.5,5.5,8.0,10.0,10.0,10.0,11.0,10.0
313CD,FA,10.0,9.9525,7.41,10,4.0,4.0,4.0,10,10.0,10.0,10.0,9.5,11.0,10.0,8.4,10,10.0,13.0,13.0,10.0,10.0,10.0,12.0,13.0,10.0,11.0,10.0
313CD,FA,9.0,9.1205,8.55,10,3.0,5.0,4.0,7.832,10.0,10.0,9.5,8.0,1.8,7.5,7.1,10,10.0,10.0,8.0,11.0,6.5,10.0,10.0,13.0,10.0,10.0,10.0
313CD,FA,7.0,6.973,4.92,4.166666667,0.0,3.0,2.0,7.952,10.0,10.0,10.0,9.5,0.3,6.3,6.0,10,10.0,10.0,10.0,10.0,8.5,10.0,12.0,10.0,10.0,11.0,10.0
313CD,TB,9.0,8.624,6.34,10,3.0,5.0,5.0,7.256,10.0,10.0,8.4,8.5,,9.5,7.1,10,10.0,10.0,10.0,10.0,9.0,8.0,8.0,10.0,,10.0,10.0,11.5
313CD,FA,10.0,9.6275,7.41,10,3.0,5.0,5.0,10,10.0,10.0,10.0,10.0,9.1,4.0,9.5,10,10.0,13.0,10.0,10.0,10.0,10.0,12.0,10.0,10.0,11.0,10.0
313CD,TB,8.0,7.7205,6.13,10,4.0,4.0,4.0,8.072,10.0,10.0,10.0,8.5,1.8,3.7,5.2,10,10.0,10.0,10.0,10.0,8.0,9.0,8.0,10.0,10.0,10.0,10.0,11.0
313CD,TB,10.0,9.83,7.62,6.666666667,3.0,3.0,2.0,10,10.0,10.0,11.5,11.5,8.2,10.0,9.7,10,10.0,11.0,9.0,10.0,9.0,10.0,10.0,10.0,10.0,10.0,10.0,9.5
313CD,,,0,,0,,,,0,,,,,,,,0,,,,,,,,,,,
313CD,TB,7.0,7.08,7.34,4.166666667,1.0,1.0,3.0,7.52,10.0,10.0,9.5,8.5,,4.4,5.2,10,10.0,10.0,8.5,10.0,5.0,8.0,8.0,10.0,10.0,10.0,10.0,7.0
314CD,TB,6.0,5.948,4.62,1.666666667,0.0,,2.0,8.072,10.0,10.0,10.0,8.5,1.8,4.2,4.6,9.55,10.0,,9.5,10.0,5.0,10.0,9.0,7.0,10.0,9.0,8.5,7.5
314CD,CL,8.0,7.8835,7.25,6.666666667,4.0,3.0,1.0,7.064,10.0,8.5,9.1,8.5,,7.8,6.1,10,10.0,7.5,8.0,7.75,10.0,9.0,11.0,6.0,10.0,7.0,10.0,11.5
314CD,CL,8.0,7.503,4.96,5,3.0,2.0,1.0,7.472,10.0,10.0,9.5,8.0,0.3,8.2,7.3,10,10.0,8.0,9.0,8.75,9.0,8.0,10.0,8.0,10.0,5.0,11.0,10.5
314CD,CL,4.0,6.383,6.0,9.166666667,3.0,4.0,4.0,6.992,10.0,10.0,7.3,8.5,,1.4,3.0,8.7,10.0,6.0,7.0,7.5,7.5,7.0,9.0,5.5,8.0,2.5,10.0,7.0
314CD,CL,9.0,9.2075,8.67,5.833333333,3.0,,4.0,8.6,10.0,10.0,10.0,10.0,2.5,8.4,8.7,10,10.0,11.0,12.0,10.0,9.5,10.0,12.0,7.5,12.0,12.0,,12.0
314CD,TB,5.0,5.3615,3.45,2.5,2.0,,1.0,6.536,10.0,6.0,9.4,8.5,,5.4,4.3,8.75,10.0,10.0,10.0,10.0,9.0,10.0,10.0,,10.0,,8.5
314CD,CL,7.0,7.1025,6.13,6.666666667,3.0,3.0,2.0,6.92,10.0,10.0,7.0,8.5,,6.6,5.0,9.3,10.0,5.0,8.5,8.0,7.0,7.5,9.0,7.0,8.0,5.0,10.0,8.0
314CD,CL,10.0,10.8275,9.67,10,4.0,5.0,4.0,10,10.0,10.0,11.5,11.5,11.0,9.6,9.8,10,10.0,16.0,16.0,12.0,12.0,14.0,12.0,13.0,14.0,15.0,10.0,13.5
314CD,TB,7.0,6.7875,6.25,9.166666667,3.0,4.0,4.0,6.44,10.0,10.0,7.0,6.2,0.3,4.9,3.0,10,10.0,10.0,9.0,10.0,8.0,10.0,8.0,7.0,10.0,7.0,10.0,5.5
314CD,CL,6.0,6.15,6.62,9.166666667,4.0,2.0,5.0,2.48,10.0,8.5,-10.0,8.5,,4.0,4.4,10,10.0,11.0,7.0,7.75,10.0,9.0,11.0,6.0,10.0,7.0,10.0,10.5
314CD,,,0,,0,,,,0,,,,,,,,0,,,,,,,,,,,
314CD,TB,8.0,7.913,6.58,8.333333333,4.0,2.0,4.0,7.832,10.0,10.0,9.5,8.0,1.8,6.1,5.8,10,10.0,10.0,10.0,10.0,9.0,10.0,10.0,7.0,10.0,7.0,,8.5
314CD,CL,10.0,10.155,8.92,9.166666667,3.0,4.0,4.0,10,10.0,10.0,11.5,11.5,11.0,10.0,8.2,10,10.0,11.0,16.0,12.0,12.0,10.0,,10.0,14.0,16.0,11.0,13.0
314CD,CL,10.0,9.785,8.16,10,5.0,4.0,5.0,9.68,10.0,10.0,10.0,8.5,8.5,10.1,7.3,10,10.0,11.0,9.0,10.0,10.0,10.0,11.0,10.0,10.0,11.0,10.0,7.0
314CD,TB,7.0,6.65,3.08,8.333333333,4.0,3.0,3.0,7.28,10.0,10.0,10.0,7.0,,7.1,4.4,10,10.0,10.0,9.5,10.0,7.0,10.0,8.0,7.0,10.0,9.0,8.5,6.0
314CD,,,0.7,,3.333333333,4.0,,,0,,,,,,,,2,10.0,10.0,,,,,,,,
314CD,TB,6.0,6.619,5.04,5,2.0,2.0,2.0,7.016,10.0,10.0,8.6,7.0,0.3,8.8,4.1,9.5,10.0,10.0,10.0,10.0,5.0,9.0,8.0,,10.0,9.0,10.0,4.0
314CD,TB,10.0,9.2955,8.13,8.333333333,4.0,4.0,2.0,8.552,10.0,10.0,10.0,8.5,3.8,9.0,7.9,10,10.0,10.0,10.0,10.0,8.0,10.0,10.0,10.0,10.0,9.0,,8.5
314CD,CL,4.0,4.7095,4.17,8.333333333,4.0,3.0,3.0,2.288,10.0,,5.0,1.2,,1.7,4.1,6.5,10.0,7.5,6.0,,1.5,6.0,,6.0,8.0,7.0,10.0,3.0
314CD,TB,4.0,4.365,1.54,2.5,,1.0,2.0,6.8,10.0,10.0,7.1,7.9,,3.6,2.6,8.95,10.0,10.0,10.0,,9.0,10.0,8.0,7.0,10.0,,10.0,5.5
314CD,CL,8.0,7.8425,6.17,7.5,3.0,3.0,3.0,7.76,10.0,10.0,9.5,7.0,2.5,6.6,6.3,10,10.0,8.5,7.5,7.75,10.0,9.0,11.0,7.5,10.0,7.0,10.0,7.0
314CD,CL,5.0,5.235,6.2,4.166666667,1.0,2.0,2.0,3.08,10.0,10.0,-10.0,9.5,,1.9,4.4,10,10.0,6.0,7.0,8.0,10.0,10.0,10.0,8.0,11.0,7.0,10.0,9.0
314CD,CL,8.0,7.98,6.2,7.5,3.0,4.0,2.0,8.24,10.0,10.0,10.0,8.5,2.5,8.7,5.5,10,10.0,6.0,9.0,8.5,10.0,9.0,10.0,8.0,10.0,5.0,11.0,9.5
314CD,CL,4.0,4.4285,5.67,3.333333333,0.0,1.0,3.0,3.224,10.0,,5.1,5.0,,1.1,4.1,5.7,10.0,0.0,5.0,0.0,0.0,5.0,7.0,6.0,7.0,3.0,10.0,4.0
314CD,CL,8.0,8.1005,7.79,7.5,3.0,3.0,3.0,8.792,10.0,10.0,10.0,9.5,3.8,4.8,5.4,10,10.0,8.0,12.0,9.25,10.0,10.0,10.0,7.5,11.0,7.0,10.0,9.5
314CD,TB,10.0,9.5875,8.09,10,5.0,4.0,4.0,10,10.0,10.0,10.0,10.0,11.0,9.4,6.5,10,10.0,10.0,10.0,10.0,8.0,12.0,10.0,10.0,10.0,10.0,10.0,10.0
314CD,TB,7.0,7.243,6.58,7.5,3.0,3.0,3.0,8.192,10.0,10.0,9.5,9.5,1.8,4.5,3.9,10,10.0,10.0,10.0,10.0,9.0,10.0,9.0,10.0,10.0,9.0,10.0,6.5
315CD,TB,6.0,6.4765,5.87,5,3.0,2.0,1.0,6.896,10.0,8.5,8.4,8.5,,4.8,4.5,9.3,10.0,10.0,10.0,10.0,5.0,7.0,9.0,9.0,,8.0,10.0,5.0
315CD,TB,10.0,9.6225,8.13,7.5,5.0,,4.0,8.36,10.0,10.0,9.5,9.5,2.5,10.7,9.5,10,10.0,10.0,16.0,10.0,10.0,6.0,10.0,9.0,12.0,10.0,10.0,13.5
315CD,,7.0,7.034,5.38,7.5,4.0,3.0,2.0,8.456,10.0,10.0,7.6,7.0,7.3,4.5,4.0,10,10.0,10.0,10.0,9.0,7.5,8.0,10.0,7.5,10.0,10.0,10.0,9.5
315CD,SC,6.0,6.048,6.62,0.8333333333,1.0,,,6.992,10.0,10.0,9.1,6.4,0.3,4.8,4.4,9.4,,10.0,10.0,9.0,8.5,8.0,,7.5,10.0,11.0,10.0,10.0
315CD,SC,7.0,7.019,5.38,6.666666667,3.0,2.0,3.0,9.536,10.0,10.0,11.5,9.5,5.4,3.4,3.8,10,10.0,10.0,10.0,9.0,6.5,9.0,10.0,7.5,10.0,10.0,12.0,7.5
315CD,SC,4.0,5.205,3.0,1.666666667,0.0,1.0,1.0,9.84,,10.0,10.0,10.0,11.0,3.7,1.9,9,10.0,10.0,10.0,9.0,5.5,4.0,10.0,7.5,10.0,8.0,,6.0
315CD,SC,6.0,5.5845,4.13,5.833333333,2.0,2.0,3.0,5.328,0.0,7.5,7.6,6.8,0.3,6.4,3.0,9.55,10.0,10.0,10.0,7.0,1.5,5.0,10.0,7.5,9.0,7.0,10.0,8.5
315CD,,,0,,0,,,,0,,,,,,,,0,,,,,,,,,,,
315CD,TB,7.0,6.7965,7.29,5.833333333,2.0,2.0,3.0,5.576,10.0,10.0,5.5,4.1,0.3,2.8,5.7,10,10.0,10.0,10.0,10.0,9.0,7.0,8.0,9.0,10.0,7.0,10.0,7.0
315CD,TB,7.0,7.4725,5.75,5,2.0,1.0,3.0,7.88,10.0,10.0,10.0,9.5,,8.4,5.9,10,10.0,10.0,10.0,10.0,9.0,6.0,10.0,9.0,,8.0,10.0,8.0
315CD,TB,8.0,7.727,5.92,10,4.0,4.0,4.0,8.288,10.0,10.0,10.0,9.5,1.7,7.0,4.2,9.25,10.0,10.0,10.0,10.0,5.0,10.0,8.0,5.0,10.0,10.0,,4.5
315CD,TB,10.0,9.6855,7.83,10,4.0,5.0,4.0,9.152,10.0,10.0,9.5,8.0,7.3,9.4,8.0,10,10.0,10.0,12.0,10.0,10.0,9.0,10.0,9.0,10.0,10.0,10.0,9.5
315CD,TB,10.0,9.42,8.5,10,4.0,4.0,4.0,7.88,10.0,10.0,10.0,8.5,1.0,10.2,7.3,10,10.0,10.0,16.0,10.0,10.0,10.0,10.0,10.0,,10.0,10.0,12.0
315CD,TB,7.0,7.1935,5.29,8.333333333,1.0,5.0,4.0,8.12,10.0,10.0,9.5,8.5,2.5,5.0,4.7,9.16,10.0,10.0,9.0,10.0,5.0,7.0,8.0,7.0,,10.0,9.0,6.6
315CD,SC,7.0,6.5535,5.13,7.5,5.0,,4.0,6.344,10.0,10.0,5.1,8.0,,6.5,4.2,8.6,10.0,10.0,10.0,7.0,9.0,,10.0,10.0,,10.0,,10.0
315CD,TB,7.0,6.6045,5.75,3.333333333,2.0,1.0,1.0,7.568,10.0,10.0,9.4,8.5,0.3,4.2,5.5,9.8,10.0,10.0,9.0,10.0,9.0,8.0,10.0,8.0,,8.0,10.0,6.0
315CD,SC,10.0,9.5525,8.13,10,4.0,4.0,4.0,9.8,10.0,10.0,11.5,9.5,6.5,9.2,6.6,10,10.0,10.0,13.0,10.0,10.0,10.0,10.0,10.0,,10.0,12.0,12.0
315CD,SC,4.0,4.3935,5.75,2.5,1.0,2.0,,0.984,0.0,0.0,2.9,1.2,0.0,3.6,4.5,8.5,10.0,10.0,10.0,7.0,1.5,6.0,10.0,7.5,9.0,7.0,,7.0
315CD,,,0,,0,,,,0,,,,,,,,0,,,,,,,,,,,
315CD,SC,,0.3,,0,,,,0,,,,,,,,3,10.0,10.0,10.0,,,,,,,,
315CD,TB,6.0,6.226,3.42,5.833333333,2.0,3.0,2.0,6.704,10.0,10.0,9.5,4.8,0.3,6.2,4.8,10,10.0,10.0,10.0,10.0,9.0,5.0,10.0,9.0,,10.0,10.0,8.0
315CD,SC,8.0,8.241,6.38,7.5,3.0,4.0,2.0,9.344,10.0,10.0,10.0,8.5,7.1,4.6,6.9,10,10.0,10.0,10.0,8.0,7.5,10.0,10.0,7.5,10.0,10.0,11.0,8.5
315CD,TB,5.0,5.212,5.54,5.833333333,,4.0,3.0,2.408,10.0,10.0,-10.0,6.4,0.3,3.6,4.2,9.4,10.0,10.0,8.5,10.0,5.0,3.0,7.0,7.0,10.0,7.0,10.0,6.5
315CD,TB,10.0,9.7925,7.67,10,5.0,4.0,4.0,10,10.0,10.0,11.5,10.0,11.0,9.0,7.9,10,10.0,10.0,12.0,10.0,9.0,9.0,10.0,10.0,10.0,8.0,10.0,13.0
315CD,SC,7.0,6.945,6.08,5.833333333,1.0,2.0,4.0,5.84,10.0,8.0,6.5,5.5,1.0,6.4,5.8,10,10.0,10.0,10.0,10.0,7.5,9.0,10.0,10.0,10.0,10.0,10.0,8.0
315CD,TB,8.0,7.7785,6.41,7.5,3.0,3.0,3.0,7.904,10.0,8.5,9.1,9.5,2.5,6.8,5.7,9.7,10.0,10.0,10.0,10.0,5.0,5.0,8.0,5.0,10.0,8.0,10.0,6.0
315CD,SC,6.0,6.472,6.46,2.5,,1.0,2.0,8.408,10.0,10.0,7.9,8.0,5.8,4.3,4.3,8.75,10.0,10.0,10.0,8.0,5.5,,10.0,5.0,10.0,10.0,,9.0
